Date,pos
2019-01-02 00:00:00+00:00,0.0
2019-01-03 00:00:00+00:00,0.0
2019-01-04 00:00:00+00:00,0.0
2019-01-05 00:00:00+00:00,0.0
2019-01-06 00:00:00+00:00,0.0
2019-01-07 00:00:00+00:00,0.0
2019-01-08 00:00:00+00:00,0.0
2019-01-09 00:00:00+00:00,0.0
2019-01-10 00:00:00+00:00,0.0
2019-01-11 00:00:00+00:00,0.0
2019-01-12 00:00:00+00:00,0.0
2019-01-13 00:00:00+00:00,0.0
2019-01-14 00:00:00+00:00,0.0
2019-01-15 00:00:00+00:00,0.0
2019-01-16 00:00:00+00:00,0.0
2019-01-17 00:00:00+00:00,0.0
2019-01-18 00:00:00+00:00,0.0
2019-01-19 00:00:00+00:00,0.0
2019-01-20 00:00:00+00:00,0.0
2019-01-21 00:00:00+00:00,0.0
2019-01-22 00:00:00+00:00,0.0
2019-01-23 00:00:00+00:00,0.0
2019-01-24 00:00:00+00:00,0.0
2019-01-25 00:00:00+00:00,0.0
2019-01-26 00:00:00+00:00,0.0
2019-01-27 00:00:00+00:00,0.0
2019-01-28 00:00:00+00:00,0.0
2019-01-29 00:00:00+00:00,0.0
2019-01-30 00:00:00+00:00,0.0
2019-01-31 00:00:00+00:00,0.0
2019-02-01 00:00:00+00:00,0.0
2019-02-02 00:00:00+00:00,0.0
2019-02-03 00:00:00+00:00,0.0
2019-02-04 00:00:00+00:00,0.0
2019-02-05 00:00:00+00:00,0.0
2019-02-06 00:00:00+00:00,0.0
2019-02-07 00:00:00+00:00,0.0
2019-02-08 00:00:00+00:00,0.0
2019-02-09 00:00:00+00:00,0.0
2019-02-10 00:00:00+00:00,0.0
2019-02-11 00:00:00+00:00,0.0
2019-02-12 00:00:00+00:00,0.0
2019-02-13 00:00:00+00:00,0.0
2019-02-14 00:00:00+00:00,0.0
2019-02-15 00:00:00+00:00,0.0
2019-02-16 00:00:00+00:00,0.0
2019-02-17 00:00:00+00:00,0.0
2019-02-18 00:00:00+00:00,0.0
2019-02-19 00:00:00+00:00,0.0
2019-02-20 00:00:00+00:00,0.0
2019-02-21 00:00:00+00:00,0.0
2019-02-22 00:00:00+00:00,0.41570837282870704
2019-02-23 00:00:00+00:00,0.4078433067975167
2019-02-24 00:00:00+00:00,0.29787606661740235
2019-02-25 00:00:00+00:00,0.304616921484472
2019-02-26 00:00:00+00:00,0.31408706409956755
2019-02-27 00:00:00+00:00,0.3247078969225215
2019-02-28 00:00:00+00:00,0.33573170994095847
2019-03-01 00:00:00+00:00,0.3471266903388328
2019-03-02 00:00:00+00:00,0.3589068520510778
2019-03-03 00:00:00+00:00,0.3705568315350318
2019-03-04 00:00:00+00:00,0.3730182844354373
2019-03-05 00:00:00+00:00,0.3619443049535643
2019-03-06 00:00:00+00:00,0.37421974027148025
2019-03-07 00:00:00+00:00,0.386911080532451
2019-03-08 00:00:00+00:00,0.399646845337152
2019-03-09 00:00:00+00:00,0.4080697217322601
2019-03-10 00:00:00+00:00,0.4212155618054648
2019-03-11 00:00:00+00:00,0.43020731595488054
2019-03-12 00:00:00+00:00,0.444798365748442
2019-03-13 00:00:00+00:00,0.4597963397195158
2019-03-14 00:00:00+00:00,0.4748953952563503
2019-03-15 00:00:00+00:00,0.4882694353516742
2019-03-16 00:00:00+00:00,0.4872671660588251
2019-03-17 00:00:00+00:00,0.5003901192272978
2019-03-18 00:00:00+00:00,0.5173432363949522
2019-03-19 00:00:00+00:00,0.5321319456894416
2019-03-20 00:00:00+00:00,0.5500953653608279
2019-03-21 00:00:00+00:00,0.5505971513914993
2019-03-22 00:00:00+00:00,0.5686470877848722
2019-03-23 00:00:00+00:00,0.5877967710833789
2019-03-24 00:00:00+00:00,0.6057353999562725
2019-03-25 00:00:00+00:00,0.6050383210554703
2019-03-26 00:00:00+00:00,0.6232147819668767
2019-03-27 00:00:00+00:00,0.5941229790201399
2019-03-28 00:00:00+00:00,0.6107410394236451
2019-03-29 00:00:00+00:00,0.628925743226253
2019-03-30 00:00:00+00:00,0.6502503338667622
2019-03-31 00:00:00+00:00,0.6716678246126244
2019-04-01 00:00:00+00:00,0.6811816523741862
2019-04-02 00:00:00+00:00,0.22742766271148288
2019-04-03 00:00:00+00:00,0.2349714185042969
2019-04-04 00:00:00+00:00,0.24024663854934306
2019-04-05 00:00:00+00:00,0.2477283552694594
2019-04-06 00:00:00+00:00,0.25576734099679643
2019-04-07 00:00:00+00:00,0.26296029763909995
2019-04-08 00:00:00+00:00,0.271739370937694
2019-04-09 00:00:00+00:00,0.2745019543396258
2019-04-10 00:00:00+00:00,0.28277297942125557
2019-04-11 00:00:00+00:00,0.26355303588237783
2019-04-12 00:00:00+00:00,0.27242200570083636
2019-04-13 00:00:00+00:00,0.28133556070237387
2019-04-14 00:00:00+00:00,0.2905177454815806
2019-04-15 00:00:00+00:00,0.2934552624071002
2019-04-16 00:00:00+00:00,0.29669931081032463
2019-04-17 00:00:00+00:00,0.30654183182854067
2019-04-18 00:00:00+00:00,0.31691628460576754
2019-04-19 00:00:00+00:00,0.32713822616034044
2019-04-20 00:00:00+00:00,0.3382235310649834
2019-04-21 00:00:00+00:00,0.347739823645925
2019-04-22 00:00:00+00:00,0.35807736802466505
2019-04-23 00:00:00+00:00,0.3599473138198924
2019-04-24 00:00:00+00:00,0.35875672891355176
2019-04-25 00:00:00+00:00,0.32724943242103915
2019-04-26 00:00:00+00:00,0.33702770781126734
2019-04-27 00:00:00+00:00,0.34793056363695973
2019-04-28 00:00:00+00:00,0.3597267904577072
2019-04-29 00:00:00+00:00,0.3699047354339843
2019-04-30 00:00:00+00:00,0.3770874364126854
2019-05-01 00:00:00+00:00,0.38917642912165845
2019-05-02 00:00:00+00:00,0.0
2019-05-03 00:00:00+00:00,0.0
2019-05-04 00:00:00+00:00,0.0
2019-05-05 00:00:00+00:00,0.0
2019-05-06 00:00:00+00:00,0.0
2019-05-07 00:00:00+00:00,0.0
2019-05-08 00:00:00+00:00,0.0
2019-05-09 00:00:00+00:00,0.0
2019-05-10 00:00:00+00:00,0.0
2019-05-11 00:00:00+00:00,0.0
2019-05-12 00:00:00+00:00,0.0
2019-05-13 00:00:00+00:00,0.0
2019-05-14 00:00:00+00:00,0.0
2019-05-15 00:00:00+00:00,0.0
2019-05-16 00:00:00+00:00,0.0
2019-05-17 00:00:00+00:00,0.0
2019-05-18 00:00:00+00:00,0.0
2019-05-19 00:00:00+00:00,0.0
2019-05-20 00:00:00+00:00,0.0
2019-05-21 00:00:00+00:00,0.0
2019-05-22 00:00:00+00:00,0.0
2019-05-23 00:00:00+00:00,0.0
2019-05-24 00:00:00+00:00,0.0
2019-05-25 00:00:00+00:00,0.0
2019-05-26 00:00:00+00:00,0.0
2019-05-27 00:00:00+00:00,0.0
2019-05-28 00:00:00+00:00,0.0
2019-05-29 00:00:00+00:00,0.0
2019-05-30 00:00:00+00:00,0.0
2019-05-31 00:00:00+00:00,0.0
2019-06-01 00:00:00+00:00,0.0
2019-06-02 00:00:00+00:00,0.0
2019-06-03 00:00:00+00:00,0.0
2019-06-04 00:00:00+00:00,0.0
2019-06-05 00:00:00+00:00,0.0
2019-06-06 00:00:00+00:00,0.0
2019-06-07 00:00:00+00:00,0.0
2019-06-08 00:00:00+00:00,0.0
2019-06-09 00:00:00+00:00,0.0
2019-06-10 00:00:00+00:00,0.0
2019-06-11 00:00:00+00:00,0.0
2019-06-12 00:00:00+00:00,0.0
2019-06-13 00:00:00+00:00,0.0
2019-06-14 00:00:00+00:00,0.0
2019-06-15 00:00:00+00:00,0.0
2019-06-16 00:00:00+00:00,0.0
2019-06-17 00:00:00+00:00,0.0
2019-06-18 00:00:00+00:00,0.0
2019-06-19 00:00:00+00:00,0.0
2019-06-20 00:00:00+00:00,0.2831238647734799
2019-06-21 00:00:00+00:00,0.27211221539682506
2019-06-22 00:00:00+00:00,0.27042384790188523
2019-06-23 00:00:00+00:00,0.2795418207453794
2019-06-24 00:00:00+00:00,0.28896862024504844
2019-06-25 00:00:00+00:00,0.276771891457835
2019-06-26 00:00:00+00:00,0.24594973490353927
2019-06-27 00:00:00+00:00,0.16345125526271279
2019-06-28 00:00:00+00:00,0.15679215825315834
2019-06-29 00:00:00+00:00,0.15755503414166475
2019-06-30 00:00:00+00:00,0.14559676592299048
2019-07-01 00:00:00+00:00,0.1494435748220342
2019-07-02 00:00:00+00:00,0.15426847103561317
2019-07-03 00:00:00+00:00,0.14817053009944478
2019-07-04 00:00:00+00:00,0.14607958497588971
2019-07-05 00:00:00+00:00,0.14996776483712115
2019-07-06 00:00:00+00:00,0.15479633388016592
2019-07-07 00:00:00+00:00,0.1597732353692115
2019-07-08 00:00:00+00:00,0.1594555735799777
2019-07-09 00:00:00+00:00,0.1646840753189482
2019-07-10 00:00:00+00:00,0.16659818794067421
2019-07-11 00:00:00+00:00,0.16231071479883466
2019-07-12 00:00:00+00:00,0.16589338565099712
2019-07-13 00:00:00+00:00,0.1682314583036229
2019-07-14 00:00:00+00:00,0.1553330529324858
2019-07-15 00:00:00+00:00,0.15513610126704167
2019-07-16 00:00:00+00:00,0.13769692423275148
2019-07-17 00:00:00+00:00,0.14145674818266488
2019-07-18 00:00:00+00:00,0.136176662570482
2019-07-19 00:00:00+00:00,0.14061247251492381
2019-07-20 00:00:00+00:00,0.14485303160849772
2019-07-21 00:00:00+00:00,0.14942101952343034
2019-07-22 00:00:00+00:00,0.15370372617373657
2019-07-23 00:00:00+00:00,0.15644955927700502
2019-07-24 00:00:00+00:00,0.1617178480506339
2019-07-25 00:00:00+00:00,0.0
2019-07-26 00:00:00+00:00,0.0
2019-07-27 00:00:00+00:00,0.0
2019-07-28 00:00:00+00:00,0.0
2019-07-29 00:00:00+00:00,-0.1873964806492948
2019-07-30 00:00:00+00:00,-0.19324644451935574
2019-07-31 00:00:00+00:00,-0.1925180192600883
2019-08-01 00:00:00+00:00,-0.19640813104421473
2019-08-02 00:00:00+00:00,-0.2027819688317485
2019-08-03 00:00:00+00:00,-0.2074515328807728
2019-08-04 00:00:00+00:00,-0.21415197203702185
2019-08-05 00:00:00+00:00,-0.20529916601813958
2019-08-06 00:00:00+00:00,-0.20782728991694144
2019-08-07 00:00:00+00:00,-0.21116395493107315
2019-08-08 00:00:00+00:00,0.0
2019-08-09 00:00:00+00:00,0.0
2019-08-10 00:00:00+00:00,0.0
2019-08-11 00:00:00+00:00,0.0
2019-08-12 00:00:00+00:00,0.0
2019-08-13 00:00:00+00:00,0.0
2019-08-14 00:00:00+00:00,0.0
2019-08-15 00:00:00+00:00,0.0
2019-08-16 00:00:00+00:00,0.0
2019-08-17 00:00:00+00:00,0.23161889841003105
2019-08-18 00:00:00+00:00,0.23852002441753659
2019-08-19 00:00:00+00:00,0.0
2019-08-20 00:00:00+00:00,0.0
2019-08-21 00:00:00+00:00,0.0
2019-08-22 00:00:00+00:00,0.0
2019-08-23 00:00:00+00:00,0.0
2019-08-24 00:00:00+00:00,0.0
2019-08-25 00:00:00+00:00,0.0
2019-08-26 00:00:00+00:00,0.0
2019-08-27 00:00:00+00:00,0.0
2019-08-28 00:00:00+00:00,0.0
2019-08-29 00:00:00+00:00,0.0
2019-08-30 00:00:00+00:00,0.0
2019-08-31 00:00:00+00:00,0.0
2019-09-01 00:00:00+00:00,0.0
2019-09-02 00:00:00+00:00,0.0
2019-09-03 00:00:00+00:00,0.0
2019-09-04 00:00:00+00:00,0.0
2019-09-05 00:00:00+00:00,0.0
2019-09-06 00:00:00+00:00,0.0
2019-09-07 00:00:00+00:00,0.0
2019-09-08 00:00:00+00:00,0.0
2019-09-09 00:00:00+00:00,0.0
2019-09-10 00:00:00+00:00,0.0
2019-09-11 00:00:00+00:00,0.0
2019-09-12 00:00:00+00:00,0.0
2019-09-13 00:00:00+00:00,0.0
2019-09-14 00:00:00+00:00,0.0
2019-09-15 00:00:00+00:00,0.0
2019-09-16 00:00:00+00:00,0.0
2019-09-17 00:00:00+00:00,0.0
2019-09-18 00:00:00+00:00,0.0
2019-09-19 00:00:00+00:00,0.0
2019-09-20 00:00:00+00:00,0.0
2019-09-21 00:00:00+00:00,0.0
2019-09-22 00:00:00+00:00,0.0
2019-09-23 00:00:00+00:00,0.0
2019-09-24 00:00:00+00:00,0.0
2019-09-25 00:00:00+00:00,0.0
2019-09-26 00:00:00+00:00,0.0
2019-09-27 00:00:00+00:00,0.0
2019-09-28 00:00:00+00:00,0.0
2019-09-29 00:00:00+00:00,0.0
2019-09-30 00:00:00+00:00,0.0
2019-10-01 00:00:00+00:00,0.0
2019-10-02 00:00:00+00:00,0.0
2019-10-03 00:00:00+00:00,0.0
2019-10-04 00:00:00+00:00,0.0
2019-10-05 00:00:00+00:00,0.0
2019-10-06 00:00:00+00:00,0.0
2019-10-07 00:00:00+00:00,0.0
2019-10-08 00:00:00+00:00,0.0
2019-10-09 00:00:00+00:00,0.0
2019-10-10 00:00:00+00:00,0.0
2019-10-11 00:00:00+00:00,0.0
2019-10-12 00:00:00+00:00,0.0
2019-10-13 00:00:00+00:00,0.0
2019-10-14 00:00:00+00:00,0.0
2019-10-15 00:00:00+00:00,0.0
2019-10-16 00:00:00+00:00,0.0
2019-10-17 00:00:00+00:00,0.0
2019-10-18 00:00:00+00:00,-0.4202360680359605
2019-10-19 00:00:00+00:00,-0.4332353301711911
2019-10-20 00:00:00+00:00,-0.4168762428987835
2019-10-21 00:00:00+00:00,-0.4303854175702231
2019-10-22 00:00:00+00:00,-0.4349582591191079
2019-10-23 00:00:00+00:00,-0.3471779777498585
2019-10-24 00:00:00+00:00,-0.35860540890993187
2019-10-25 00:00:00+00:00,-0.20652599951013376
2019-10-26 00:00:00+00:00,-0.2012738979750428
2019-10-27 00:00:00+00:00,-0.20599965429788017
2019-10-28 00:00:00+00:00,-0.20785440533015162
2019-10-29 00:00:00+00:00,-0.2143547930441042
2019-10-30 00:00:00+00:00,-0.2182014094258504
2019-10-31 00:00:00+00:00,-0.2254947569095439
2019-11-01 00:00:00+00:00,0.0
2019-11-02 00:00:00+00:00,0.0
2019-11-03 00:00:00+00:00,0.0
2019-11-04 00:00:00+00:00,0.0
2019-11-05 00:00:00+00:00,0.2628425353328728
2019-11-06 00:00:00+00:00,0.2717326502424424
2019-11-07 00:00:00+00:00,0.27949570188284906
2019-11-08 00:00:00+00:00,0.26708713629612707
2019-11-09 00:00:00+00:00,0.27612548121272557
2019-11-10 00:00:00+00:00,0.27947597553136827
2019-11-11 00:00:00+00:00,0.27931832485996966
2019-11-12 00:00:00+00:00,0.28830727842382264
2019-11-13 00:00:00+00:00,0.29808325870480035
2019-11-14 00:00:00+00:00,0.306981329595267
2019-11-15 00:00:00+00:00,0.3111945777721565
2019-11-16 00:00:00+00:00,0.32066320925459285
2019-11-17 00:00:00+00:00,0.3311755891067063
2019-11-18 00:00:00+00:00,0.3304196671303556
2019-11-19 00:00:00+00:00,0.3405627890454202
2019-11-20 00:00:00+00:00,0.0
2019-11-21 00:00:00+00:00,0.0
2019-11-22 00:00:00+00:00,0.0
2019-11-23 00:00:00+00:00,0.0
2019-11-24 00:00:00+00:00,-0.3195028677532272
2019-11-25 00:00:00+00:00,-0.32242262478797257
2019-11-26 00:00:00+00:00,-0.3282470048241349
2019-11-27 00:00:00+00:00,-0.30835533286512823
2019-11-28 00:00:00+00:00,-0.31865520475134557
2019-11-29 00:00:00+00:00,-0.3068723753345161
2019-11-30 00:00:00+00:00,-0.3119043707748072
2019-12-01 00:00:00+00:00,-0.31981406392365364
2019-12-02 00:00:00+00:00,-0.329709262706262
2019-12-03 00:00:00+00:00,-0.34047088709127105
2019-12-04 00:00:00+00:00,-0.35177775326060573
2019-12-05 00:00:00+00:00,-0.34727844745470715
2019-12-06 00:00:00+00:00,-0.35460953778455
2019-12-07 00:00:00+00:00,-0.3663968538905742
2019-12-08 00:00:00+00:00,-0.3786115382358622
2019-12-09 00:00:00+00:00,-0.38346811381788637
2019-12-10 00:00:00+00:00,-0.3926044021428851
2019-12-11 00:00:00+00:00,-0.4055052943686716
2019-12-12 00:00:00+00:00,-0.41761493344980705
2019-12-13 00:00:00+00:00,-0.4301634701441212
2019-12-14 00:00:00+00:00,-0.4364037043856345
2019-12-15 00:00:00+00:00,-0.4489579228203528
2019-12-16 00:00:00+00:00,-0.44022624228544194
2019-12-17 00:00:00+00:00,-0.41524094322293376
2019-12-18 00:00:00+00:00,-0.2843444496179254
2019-12-19 00:00:00+00:00,-0.29334571952906935
2019-12-20 00:00:00+00:00,-0.30309723444725245
2019-12-21 00:00:00+00:00,-0.31333714522964884
2019-12-22 00:00:00+00:00,-0.30167811715885073
2019-12-23 00:00:00+00:00,-0.30696840260330016
2019-12-24 00:00:00+00:00,-0.31720228898583164
2019-12-25 00:00:00+00:00,-0.3275604998575041
2019-12-26 00:00:00+00:00,-0.3384702916832888
2019-12-27 00:00:00+00:00,-0.3488799446690286
2019-12-28 00:00:00+00:00,0.0
2019-12-29 00:00:00+00:00,0.0
2019-12-30 00:00:00+00:00,0.0
2019-12-31 00:00:00+00:00,0.0
2020-01-01 00:00:00+00:00,0.0
2020-01-02 00:00:00+00:00,0.0
2020-01-03 00:00:00+00:00,0.0
2020-01-04 00:00:00+00:00,0.0
2020-01-05 00:00:00+00:00,0.0
2020-01-06 00:00:00+00:00,0.0
2020-01-07 00:00:00+00:00,0.0
2020-01-08 00:00:00+00:00,0.0
2020-01-09 00:00:00+00:00,0.0
2020-01-10 00:00:00+00:00,0.0
2020-01-11 00:00:00+00:00,0.0
2020-01-12 00:00:00+00:00,0.0
2020-01-13 00:00:00+00:00,0.0
2020-01-14 00:00:00+00:00,0.0
2020-01-15 00:00:00+00:00,0.0
2020-01-16 00:00:00+00:00,0.0
2020-01-17 00:00:00+00:00,0.0
2020-01-18 00:00:00+00:00,0.0
2020-01-19 00:00:00+00:00,0.0
2020-01-20 00:00:00+00:00,0.0
2020-01-21 00:00:00+00:00,0.0
2020-01-22 00:00:00+00:00,0.0
2020-01-23 00:00:00+00:00,0.0
2020-01-24 00:00:00+00:00,0.0
2020-01-25 00:00:00+00:00,0.0
2020-01-26 00:00:00+00:00,0.0
2020-01-27 00:00:00+00:00,0.0
2020-01-28 00:00:00+00:00,0.0
2020-01-29 00:00:00+00:00,0.0
2020-01-30 00:00:00+00:00,0.0
2020-01-31 00:00:00+00:00,0.0
2020-02-01 00:00:00+00:00,0.0
2020-02-02 00:00:00+00:00,0.0
2020-02-03 00:00:00+00:00,0.0
2020-02-04 00:00:00+00:00,0.0
2020-02-05 00:00:00+00:00,0.0
2020-02-06 00:00:00+00:00,0.0
2020-02-07 00:00:00+00:00,0.0
2020-02-08 00:00:00+00:00,0.0
2020-02-09 00:00:00+00:00,0.0
2020-02-10 00:00:00+00:00,0.0
2020-02-11 00:00:00+00:00,0.0
2020-02-12 00:00:00+00:00,0.0
2020-02-13 00:00:00+00:00,0.0
2020-02-14 00:00:00+00:00,0.0
2020-02-15 00:00:00+00:00,0.392868508737627
2020-02-16 00:00:00+00:00,0.40623145408199657
2020-02-17 00:00:00+00:00,0.3993963502900888
2020-02-18 00:00:00+00:00,0.3736744195378006
2020-02-19 00:00:00+00:00,0.3342205781489222
2020-02-20 00:00:00+00:00,0.3453173407171546
2020-02-21 00:00:00+00:00,0.35632771120355733
2020-02-22 00:00:00+00:00,0.36811939009064326
2020-02-23 00:00:00+00:00,0.36896111759341216
2020-02-24 00:00:00+00:00,0.3639027932384225
2020-02-25 00:00:00+00:00,0.3568110686167435
2020-02-26 00:00:00+00:00,0.323246160052217
2020-02-27 00:00:00+00:00,0.3342103515787972
2020-02-28 00:00:00+00:00,0.3445833811733834
2020-02-29 00:00:00+00:00,0.3561036611291992
2020-03-01 00:00:00+00:00,0.0
2020-03-02 00:00:00+00:00,0.0
2020-03-03 00:00:00+00:00,0.0
2020-03-04 00:00:00+00:00,0.0
2020-03-05 00:00:00+00:00,0.0
2020-03-06 00:00:00+00:00,-0.3719221778527788
2020-03-07 00:00:00+00:00,-0.374159143251472
2020-03-08 00:00:00+00:00,-0.28092854806792095
2020-03-09 00:00:00+00:00,-0.2884758584204919
2020-03-10 00:00:00+00:00,-0.2978101569275524
2020-03-11 00:00:00+00:00,-0.3071771110089249
2020-03-12 00:00:00+00:00,-0.08007228404519924
2020-03-13 00:00:00+00:00,-0.07866051793761646
2020-03-14 00:00:00+00:00,-0.08102871145288261
2020-03-15 00:00:00+00:00,-0.08288541579328401
2020-03-16 00:00:00+00:00,-0.08521797091151309
2020-03-17 00:00:00+00:00,-0.08695545972969794
2020-03-18 00:00:00+00:00,-0.08972239671355157
2020-03-19 00:00:00+00:00,-0.08410357394798418
2020-03-20 00:00:00+00:00,-0.08692459043920855
2020-03-21 00:00:00+00:00,-0.08985820889003034
2020-03-22 00:00:00+00:00,-0.09221384358921127
2020-03-23 00:00:00+00:00,-0.09198294425042101
2020-03-24 00:00:00+00:00,-0.09424231521313568
2020-03-25 00:00:00+00:00,-0.09742590689969048
2020-03-26 00:00:00+00:00,-0.1007089062147099
2020-03-27 00:00:00+00:00,-0.10362721837992167
2020-03-28 00:00:00+00:00,-0.10671151726232636
2020-03-29 00:00:00+00:00,-0.10932874430316646
2020-03-30 00:00:00+00:00,-0.10903756933357568
2020-03-31 00:00:00+00:00,-0.11272411073035896
2020-04-01 00:00:00+00:00,-0.11609191550207112
2020-04-02 00:00:00+00:00,-0.1195232722562213
2020-04-03 00:00:00+00:00,-0.12351442176169528
2020-04-04 00:00:00+00:00,-0.12742415611810856
2020-04-05 00:00:00+00:00,-0.13161830320286907
2020-04-06 00:00:00+00:00,-0.13220417624648859
2020-04-07 00:00:00+00:00,-0.1363932313987461
2020-04-08 00:00:00+00:00,-0.14070349183403064
2020-04-09 00:00:00+00:00,-0.1453809605114883
2020-04-10 00:00:00+00:00,-0.14539064517254624
2020-04-11 00:00:00+00:00,-0.15031929708891392
2020-04-12 00:00:00+00:00,-0.15507412391235853
2020-04-13 00:00:00+00:00,-0.1597973844627899
2020-04-14 00:00:00+00:00,-0.1652157182706222
2020-04-15 00:00:00+00:00,-0.16931899781592327
2020-04-16 00:00:00+00:00,-0.16627906886604016
2020-04-17 00:00:00+00:00,0.0
2020-04-18 00:00:00+00:00,0.0
2020-04-19 00:00:00+00:00,0.0
2020-04-20 00:00:00+00:00,0.0
2020-04-21 00:00:00+00:00,0.0
2020-04-22 00:00:00+00:00,0.0
2020-04-23 00:00:00+00:00,0.0
2020-04-24 00:00:00+00:00,0.0
2020-04-25 00:00:00+00:00,0.0
2020-04-26 00:00:00+00:00,0.0
2020-04-27 00:00:00+00:00,0.0
2020-04-28 00:00:00+00:00,0.0
2020-04-29 00:00:00+00:00,0.0
2020-04-30 00:00:00+00:00,0.0
2020-05-01 00:00:00+00:00,0.0
2020-05-02 00:00:00+00:00,0.0
2020-05-03 00:00:00+00:00,0.0
2020-05-04 00:00:00+00:00,0.0
2020-05-05 00:00:00+00:00,0.0
2020-05-06 00:00:00+00:00,0.0
2020-05-07 00:00:00+00:00,0.0
2020-05-08 00:00:00+00:00,0.0
2020-05-09 00:00:00+00:00,0.0
2020-05-10 00:00:00+00:00,0.0
2020-05-11 00:00:00+00:00,0.0
2020-05-12 00:00:00+00:00,0.0
2020-05-13 00:00:00+00:00,0.0
2020-05-14 00:00:00+00:00,0.0
2020-05-15 00:00:00+00:00,0.0
2020-05-16 00:00:00+00:00,0.0
2020-05-17 00:00:00+00:00,0.0
2020-05-18 00:00:00+00:00,0.0
2020-05-19 00:00:00+00:00,0.0
2020-05-20 00:00:00+00:00,0.0
2020-05-21 00:00:00+00:00,0.0
2020-05-22 00:00:00+00:00,0.0
2020-05-23 00:00:00+00:00,0.0
2020-05-24 00:00:00+00:00,0.0
2020-05-25 00:00:00+00:00,0.0
2020-05-26 00:00:00+00:00,0.0
2020-05-27 00:00:00+00:00,0.0
2020-05-28 00:00:00+00:00,0.0
2020-05-29 00:00:00+00:00,0.0
2020-05-30 00:00:00+00:00,0.0
2020-05-31 00:00:00+00:00,0.0
2020-06-01 00:00:00+00:00,0.0
2020-06-02 00:00:00+00:00,0.0
2020-06-03 00:00:00+00:00,0.0
2020-06-04 00:00:00+00:00,0.0
2020-06-05 00:00:00+00:00,0.0
2020-06-06 00:00:00+00:00,0.0
2020-06-07 00:00:00+00:00,0.0
2020-06-08 00:00:00+00:00,0.0
2020-06-09 00:00:00+00:00,0.0
2020-06-10 00:00:00+00:00,0.0
2020-06-11 00:00:00+00:00,0.0
2020-06-12 00:00:00+00:00,0.0
2020-06-13 00:00:00+00:00,0.0
2020-06-14 00:00:00+00:00,0.3154342485938762
2020-06-15 00:00:00+00:00,0.32566447609640625
2020-06-16 00:00:00+00:00,0.33579492969440977
2020-06-17 00:00:00+00:00,0.3464090412984875
2020-06-18 00:00:00+00:00,0.35713195862937985
2020-06-19 00:00:00+00:00,0.366062110897483
2020-06-20 00:00:00+00:00,0.37796070829394823
2020-06-21 00:00:00+00:00,0.3906223832891107
2020-06-22 00:00:00+00:00,0.3758610698302589
2020-06-23 00:00:00+00:00,0.38829806839358405
2020-06-24 00:00:00+00:00,0.0
2020-06-25 00:00:00+00:00,0.0
2020-06-26 00:00:00+00:00,0.0
2020-06-27 00:00:00+00:00,0.0
2020-06-28 00:00:00+00:00,0.0
2020-06-29 00:00:00+00:00,-0.4321858488063047
2020-06-30 00:00:00+00:00,-0.4461309981872565
2020-07-01 00:00:00+00:00,-0.4570783849969232
2020-07-02 00:00:00+00:00,-0.46828163677945167
2020-07-03 00:00:00+00:00,-0.4838757803215317
2020-07-04 00:00:00+00:00,-0.4985029565204695
2020-07-05 00:00:00+00:00,-0.5140175136192704
2020-07-06 00:00:00+00:00,-0.4793428814487128
2020-07-07 00:00:00+00:00,-0.4874057862999595
2020-07-08 00:00:00+00:00,-0.48862016686599685
2020-07-09 00:00:00+00:00,-0.49233971025808054
2020-07-10 00:00:00+00:00,-0.5090355955932798
2020-07-11 00:00:00+00:00,-0.5254075714852062
2020-07-12 00:00:00+00:00,-0.5422643669508472
2020-07-13 00:00:00+00:00,-0.5598650903740071
2020-07-14 00:00:00+00:00,-0.5788484527113628
2020-07-15 00:00:00+00:00,-0.5964045660703293
2020-07-16 00:00:00+00:00,-0.6136181738718476
2020-07-17 00:00:00+00:00,-0.6336119226694745
2020-07-18 00:00:00+00:00,-0.654856363951569
2020-07-19 00:00:00+00:00,-0.6756994219035652
2020-07-20 00:00:00+00:00,-0.6981577135054169
2020-07-21 00:00:00+00:00,-0.659762584900915
2020-07-22 00:00:00+00:00,-0.6586075869602921
2020-07-23 00:00:00+00:00,-0.6792729694302885
2020-07-24 00:00:00+00:00,-0.696753647617979
2020-07-25 00:00:00+00:00,-0.6997331609071783
2020-07-26 00:00:00+00:00,0.0
2020-07-27 00:00:00+00:00,0.33197405455323353
2020-07-28 00:00:00+00:00,0.33898153267135694
2020-07-29 00:00:00+00:00,0.3495624651033237
2020-07-30 00:00:00+00:00,0.3601498164805396
2020-07-31 00:00:00+00:00,0.37066053151822365
2020-08-01 00:00:00+00:00,0.36869128506078486
2020-08-02 00:00:00+00:00,0.30624864786512584
2020-08-03 00:00:00+00:00,0.31543583897973054
2020-08-04 00:00:00+00:00,0.3246350727061796
2020-08-05 00:00:00+00:00,0.31600201693250146
2020-08-06 00:00:00+00:00,0.3261803876427779
2020-08-07 00:00:00+00:00,0.32962095629448906
2020-08-08 00:00:00+00:00,0.3403595719144589
2020-08-09 00:00:00+00:00,0.348748329044008
2020-08-10 00:00:00+00:00,0.35883996769579446
2020-08-11 00:00:00+00:00,0.33604531065548354
2020-08-12 00:00:00+00:00,0.3457675881977369
2020-08-13 00:00:00+00:00,0.35524882632173216
2020-08-14 00:00:00+00:00,0.36639790507988157
2020-08-15 00:00:00+00:00,0.37867828232405154
2020-08-16 00:00:00+00:00,0.3912843737937047
2020-08-17 00:00:00+00:00,0.39128867214400315
2020-08-18 00:00:00+00:00,0.3867374459139175
2020-08-19 00:00:00+00:00,0.38681697143366045
2020-08-20 00:00:00+00:00,0.39895686099620026
2020-08-21 00:00:00+00:00,0.3940960232265787
2020-08-22 00:00:00+00:00,0.40673624381956586
2020-08-23 00:00:00+00:00,0.4201220827569058
2020-08-24 00:00:00+00:00,0.0
2020-08-25 00:00:00+00:00,0.0
2020-08-26 00:00:00+00:00,0.0
2020-08-27 00:00:00+00:00,0.0
2020-08-28 00:00:00+00:00,0.0
2020-08-29 00:00:00+00:00,0.0
2020-08-30 00:00:00+00:00,0.0
2020-08-31 00:00:00+00:00,0.0
2020-09-01 00:00:00+00:00,0.0
2020-09-02 00:00:00+00:00,0.0
2020-09-03 00:00:00+00:00,0.0
2020-09-04 00:00:00+00:00,0.0
2020-09-05 00:00:00+00:00,0.0
2020-09-06 00:00:00+00:00,0.0
2020-09-07 00:00:00+00:00,0.0
2020-09-08 00:00:00+00:00,0.0
2020-09-09 00:00:00+00:00,0.0
2020-09-10 00:00:00+00:00,0.0
2020-09-11 00:00:00+00:00,0.0
2020-09-12 00:00:00+00:00,0.0
2020-09-13 00:00:00+00:00,0.0
2020-09-14 00:00:00+00:00,0.0
2020-09-15 00:00:00+00:00,0.0
2020-09-16 00:00:00+00:00,0.0
2020-09-17 00:00:00+00:00,0.0
2020-09-18 00:00:00+00:00,0.0
2020-09-19 00:00:00+00:00,0.0
2020-09-20 00:00:00+00:00,0.0
2020-09-21 00:00:00+00:00,0.0
2020-09-22 00:00:00+00:00,0.0
2020-09-23 00:00:00+00:00,0.0
2020-09-24 00:00:00+00:00,0.0
2020-09-25 00:00:00+00:00,0.0
2020-09-26 00:00:00+00:00,0.0
2020-09-27 00:00:00+00:00,0.0
2020-09-28 00:00:00+00:00,0.0
2020-09-29 00:00:00+00:00,0.0
2020-09-30 00:00:00+00:00,0.0
2020-10-01 00:00:00+00:00,0.0
2020-10-02 00:00:00+00:00,0.0
2020-10-03 00:00:00+00:00,0.0
2020-10-04 00:00:00+00:00,0.0
2020-10-05 00:00:00+00:00,0.0
2020-10-06 00:00:00+00:00,0.0
2020-10-07 00:00:00+00:00,0.0
2020-10-08 00:00:00+00:00,0.0
2020-10-09 00:00:00+00:00,0.0
2020-10-10 00:00:00+00:00,0.0
2020-10-11 00:00:00+00:00,0.0
2020-10-12 00:00:00+00:00,0.0
2020-10-13 00:00:00+00:00,0.4930100216124298
2020-10-14 00:00:00+00:00,0.5096676530089115
2020-10-15 00:00:00+00:00,0.5261664449811635
2020-10-16 00:00:00+00:00,0.5281550100782277
2020-10-17 00:00:00+00:00,0.5457970927464875
2020-10-18 00:00:00+00:00,0.5582199257365191
2020-10-19 00:00:00+00:00,0.5505648390437884
2020-10-20 00:00:00+00:00,0.560568884139711
2020-10-21 00:00:00+00:00,0.39625419399832507
2020-10-22 00:00:00+00:00,0.4095171768556262
2020-10-23 00:00:00+00:00,0.4201926036403835
2020-10-24 00:00:00+00:00,0.43347369997224555
2020-10-25 00:00:00+00:00,0.44215865502048696
2020-10-26 00:00:00+00:00,0.4566751956760977
2020-10-27 00:00:00+00:00,0.4298750853819358
2020-10-28 00:00:00+00:00,0.40628584026383535
2020-10-29 00:00:00+00:00,0.41925078775245495
2020-10-30 00:00:00+00:00,0.43345148625741375
2020-10-31 00:00:00+00:00,0.44510614419302863
2020-11-01 00:00:00+00:00,0.4560610605700727
2020-11-02 00:00:00+00:00,0.45632750696160995
2020-11-03 00:00:00+00:00,0.4531507520326653
2020-11-04 00:00:00+00:00,0.4673481041787918
2020-11-05 00:00:00+00:00,0.3176599357397102
2020-11-06 00:00:00+00:00,0.3258942242054345
2020-11-07 00:00:00+00:00,0.29632055228861953
2020-11-08 00:00:00+00:00,0.29539102164717274
2020-11-09 00:00:00+00:00,0.30134445196472537
2020-11-10 00:00:00+00:00,0.30999275749967925
2020-11-11 00:00:00+00:00,0.31693851448436217
2020-11-12 00:00:00+00:00,0.31962373588829923
2020-11-13 00:00:00+00:00,0.32943968277760927
2020-11-14 00:00:00+00:00,0.3313690392672425
2020-11-15 00:00:00+00:00,0.3389251380764591
2020-11-16 00:00:00+00:00,0.33020274876246797
2020-11-17 00:00:00+00:00,0.3178705814298458
2020-11-18 00:00:00+00:00,0.32839207624155864
2020-11-19 00:00:00+00:00,0.33741795892712484
2020-11-20 00:00:00+00:00,0.3347977164656109
2020-11-21 00:00:00+00:00,0.34360228023731887
2020-11-22 00:00:00+00:00,0.34332541508654707
2020-11-23 00:00:00+00:00,0.35270459078499083
2020-11-24 00:00:00+00:00,0.3514577882669989
2020-11-25 00:00:00+00:00,0.34668690455303475
2020-11-26 00:00:00+00:00,0.2614635944908567
2020-11-27 00:00:00+00:00,0.27000949129351876
2020-11-28 00:00:00+00:00,0.27209877579703245
2020-11-29 00:00:00+00:00,0.2783445408339488
2020-11-30 00:00:00+00:00,0.2544093658102831
2020-12-01 00:00:00+00:00,0.2459581061131906
2020-12-02 00:00:00+00:00,0.25336118724583895
2020-12-03 00:00:00+00:00,0.261867692887197
2020-12-04 00:00:00+00:00,0.25587261960176644
2020-12-05 00:00:00+00:00,0.26249491102878886
2020-12-06 00:00:00+00:00,0.2713459645134517
2020-12-07 00:00:00+00:00,0.27873592660377466
2020-12-08 00:00:00+00:00,0.2673207259813106
2020-12-09 00:00:00+00:00,0.27570669360664357
2020-12-10 00:00:00+00:00,0.282075014505776
2020-12-11 00:00:00+00:00,0.2900157634236991
2020-12-12 00:00:00+00:00,0.2865258237226428
2020-12-13 00:00:00+00:00,0.2945162615049832
2020-12-14 00:00:00+00:00,0.3045000014938766
2020-12-15 00:00:00+00:00,0.3146614525800165
2020-12-16 00:00:00+00:00,0.25953504535114935
2020-12-17 00:00:00+00:00,0.24880717206638217
2020-12-18 00:00:00+00:00,0.2572436886906615
2020-12-19 00:00:00+00:00,0.26416982831092123
2020-12-20 00:00:00+00:00,0.2660345201918307
2020-12-21 00:00:00+00:00,0.262697411586493
2020-12-22 00:00:00+00:00,0.0
2020-12-23 00:00:00+00:00,0.0
2020-12-24 00:00:00+00:00,0.0
2020-12-25 00:00:00+00:00,0.0
2020-12-26 00:00:00+00:00,0.0
2020-12-27 00:00:00+00:00,0.0
2020-12-28 00:00:00+00:00,0.0
2020-12-29 00:00:00+00:00,0.0
2020-12-30 00:00:00+00:00,0.0
2020-12-31 00:00:00+00:00,0.0
2021-01-01 00:00:00+00:00,0.0
2021-01-02 00:00:00+00:00,0.0
2021-01-03 00:00:00+00:00,0.0
2021-01-04 00:00:00+00:00,0.0
2021-01-05 00:00:00+00:00,0.0
2021-01-06 00:00:00+00:00,0.0
2021-01-07 00:00:00+00:00,0.0
2021-01-08 00:00:00+00:00,0.0
2021-01-09 00:00:00+00:00,0.0
2021-01-10 00:00:00+00:00,0.0
2021-01-11 00:00:00+00:00,0.0
2021-01-12 00:00:00+00:00,0.0
2021-01-13 00:00:00+00:00,0.0
2021-01-14 00:00:00+00:00,0.0
2021-01-15 00:00:00+00:00,0.0
2021-01-16 00:00:00+00:00,0.0
2021-01-17 00:00:00+00:00,0.0
2021-01-18 00:00:00+00:00,0.0
2021-01-19 00:00:00+00:00,0.0
2021-01-20 00:00:00+00:00,0.0
2021-01-21 00:00:00+00:00,0.0
2021-01-22 00:00:00+00:00,0.0
2021-01-23 00:00:00+00:00,0.0
2021-01-24 00:00:00+00:00,0.0
2021-01-25 00:00:00+00:00,0.0
2021-01-26 00:00:00+00:00,0.0
2021-01-27 00:00:00+00:00,0.0
2021-01-28 00:00:00+00:00,0.0
2021-01-29 00:00:00+00:00,0.0
2021-01-30 00:00:00+00:00,0.0
2021-01-31 00:00:00+00:00,0.0
2021-02-01 00:00:00+00:00,0.0
2021-02-02 00:00:00+00:00,0.0
2021-02-03 00:00:00+00:00,0.0
2021-02-04 00:00:00+00:00,0.0
2021-02-05 00:00:00+00:00,0.0
2021-02-06 00:00:00+00:00,0.0
2021-02-07 00:00:00+00:00,0.0
2021-02-08 00:00:00+00:00,0.0
2021-02-09 00:00:00+00:00,0.1618498899829822
2021-02-10 00:00:00+00:00,0.16316124584067854
2021-02-11 00:00:00+00:00,0.16458334553600848
2021-02-12 00:00:00+00:00,0.1690466772055554
2021-02-13 00:00:00+00:00,0.17372107607398182
2021-02-14 00:00:00+00:00,0.17884836451317093
2021-02-15 00:00:00+00:00,0.18279419763164492
2021-02-16 00:00:00+00:00,0.1886304292326118
2021-02-17 00:00:00+00:00,0.190171437203861
2021-02-18 00:00:00+00:00,0.19485570467981225
2021-02-19 00:00:00+00:00,0.19098845855569258
2021-02-20 00:00:00+00:00,0.19682110473962533
2021-02-21 00:00:00+00:00,0.20335456252488215
2021-02-22 00:00:00+00:00,0.19271652057171185
2021-02-23 00:00:00+00:00,0.16908572767248148
2021-02-24 00:00:00+00:00,0.17456260938329693
2021-02-25 00:00:00+00:00,0.17332827092617215
2021-02-26 00:00:00+00:00,0.17848033047291842
2021-02-27 00:00:00+00:00,0.18448002131831984
2021-02-28 00:00:00+00:00,0.18931032695163746
2021-03-01 00:00:00+00:00,0.1756083747974004
2021-03-02 00:00:00+00:00,0.17952340590647642
2021-03-03 00:00:00+00:00,0.18217510942753065
2021-03-04 00:00:00+00:00,0.1835204333220276
2021-03-05 00:00:00+00:00,0.18970530690267362
2021-03-06 00:00:00+00:00,0.1960955042307947
2021-03-07 00:00:00+00:00,0.19771024147801863
2021-03-08 00:00:00+00:00,0.2038408944801985
2021-03-09 00:00:00+00:00,0.20544545773743564
2021-03-10 00:00:00+00:00,0.21196130579635405
2021-03-11 00:00:00+00:00,0.21753362434009937
2021-03-12 00:00:00+00:00,0.2233229719585761
2021-03-13 00:00:00+00:00,0.21871266617800983
2021-03-14 00:00:00+00:00,0.21791494995560798
2021-03-15 00:00:00+00:00,0.2078961568417686
2021-03-16 00:00:00+00:00,0.21464614089351858
2021-03-17 00:00:00+00:00,0.21888559777159147
2021-03-18 00:00:00+00:00,0.22353337441747753
2021-03-19 00:00:00+00:00,0.23110852303309148
2021-03-20 00:00:00+00:00,0.23864055142516488
2021-03-21 00:00:00+00:00,0.24454207708166292
2021-03-22 00:00:00+00:00,0.23517161324387256
2021-03-23 00:00:00+00:00,0.2431245655252672
2021-03-24 00:00:00+00:00,0.24353427964042904
2021-03-25 00:00:00+00:00,0.249606843564787
2021-03-26 00:00:00+00:00,0.23521872004590663
2021-03-27 00:00:00+00:00,0.24239525553243196
2021-03-28 00:00:00+00:00,0.2505417024057889
2021-03-29 00:00:00+00:00,0.2541849339230732
2021-03-30 00:00:00+00:00,0.2613552713739952
2021-03-31 00:00:00+00:00,0.2699853135535166
2021-04-01 00:00:00+00:00,0.27909439420797183
2021-04-02 00:00:00+00:00,0.288556447527551
2021-04-03 00:00:00+00:00,0.2871667055078408
2021-04-04 00:00:00+00:00,0.29432822420365035
2021-04-05 00:00:00+00:00,0.3042977973529619
2021-04-06 00:00:00+00:00,0.31080534200617416
2021-04-07 00:00:00+00:00,0.3039118359633266
2021-04-08 00:00:00+00:00,0.2985493563297193
2021-04-09 00:00:00+00:00,0.3084919925440998
2021-04-10 00:00:00+00:00,0.3127816336249019
2021-04-11 00:00:00+00:00,0.32329683436931766
2021-04-12 00:00:00+00:00,0.3330966248490036
2021-04-13 00:00:00+00:00,0.3080755638041059
2021-04-14 00:00:00+00:00,0.3165056027148705
2021-04-15 00:00:00+00:00,0.3271196777747291
2021-04-16 00:00:00+00:00,0.32356410881269837
2021-04-17 00:00:00+00:00,0.3301510006029054
2021-04-18 00:00:00+00:00,0.2776597058552468
2021-04-19 00:00:00+00:00,0.28673356962516416
2021-04-20 00:00:00+00:00,0.29411554956682034
2021-04-21 00:00:00+00:00,0.0
2021-04-22 00:00:00+00:00,0.0
2021-04-23 00:00:00+00:00,0.0
2021-04-24 00:00:00+00:00,0.0
2021-04-25 00:00:00+00:00,0.0
2021-04-26 00:00:00+00:00,0.0
2021-04-27 00:00:00+00:00,0.0
2021-04-28 00:00:00+00:00,0.0
2021-04-29 00:00:00+00:00,0.0
2021-04-30 00:00:00+00:00,0.0
2021-05-01 00:00:00+00:00,0.0
2021-05-02 00:00:00+00:00,0.0
2021-05-03 00:00:00+00:00,0.0
2021-05-04 00:00:00+00:00,0.0
2021-05-05 00:00:00+00:00,0.0
2021-05-06 00:00:00+00:00,0.0
2021-05-07 00:00:00+00:00,0.0
2021-05-08 00:00:00+00:00,0.0
2021-05-09 00:00:00+00:00,0.0
2021-05-10 00:00:00+00:00,0.0
2021-05-11 00:00:00+00:00,0.0
2021-05-12 00:00:00+00:00,0.0
2021-05-13 00:00:00+00:00,0.0
2021-05-14 00:00:00+00:00,0.0
2021-05-15 00:00:00+00:00,0.0
2021-05-16 00:00:00+00:00,0.0
2021-05-17 00:00:00+00:00,0.0
2021-05-18 00:00:00+00:00,0.0
2021-05-19 00:00:00+00:00,0.0
2021-05-20 00:00:00+00:00,0.0
2021-05-21 00:00:00+00:00,0.0
2021-05-22 00:00:00+00:00,0.0
2021-05-23 00:00:00+00:00,0.0
2021-05-24 00:00:00+00:00,0.0
2021-05-25 00:00:00+00:00,0.0
2021-05-26 00:00:00+00:00,0.0
2021-05-27 00:00:00+00:00,0.0
2021-05-28 00:00:00+00:00,0.0
2021-05-29 00:00:00+00:00,0.0
2021-05-30 00:00:00+00:00,0.0
2021-05-31 00:00:00+00:00,0.0
2021-06-01 00:00:00+00:00,0.0
2021-06-02 00:00:00+00:00,0.0
2021-06-03 00:00:00+00:00,0.0
2021-06-04 00:00:00+00:00,0.0
2021-06-05 00:00:00+00:00,0.0
2021-06-06 00:00:00+00:00,0.0
2021-06-07 00:00:00+00:00,0.0
2021-06-08 00:00:00+00:00,0.0
2021-06-09 00:00:00+00:00,-0.16306016127933023
2021-06-10 00:00:00+00:00,-0.16837266069853163
2021-06-11 00:00:00+00:00,-0.1730978145201588
2021-06-12 00:00:00+00:00,-0.17519917875758015
2021-06-13 00:00:00+00:00,-0.16253332051095434
2021-06-14 00:00:00+00:00,-0.16664965645640004
2021-06-15 00:00:00+00:00,-0.17228397545920554
2021-06-16 00:00:00+00:00,-0.17274363051609834
2021-06-17 00:00:00+00:00,-0.1785510440624588
2021-06-18 00:00:00+00:00,-0.17745852672772472
2021-06-19 00:00:00+00:00,-0.18347553718459225
2021-06-20 00:00:00+00:00,-0.1895229680034698
2021-06-21 00:00:00+00:00,-0.16881281937607845
2021-06-22 00:00:00+00:00,-0.17178390258471213
2021-06-23 00:00:00+00:00,-0.17336941850487086
2021-06-24 00:00:00+00:00,-0.176828427452978
2021-06-25 00:00:00+00:00,-0.16881269199742
2021-06-26 00:00:00+00:00,-0.17309542001407083
2021-06-27 00:00:00+00:00,-0.16663201751526824
2021-06-28 00:00:00+00:00,-0.17227228776854775
2021-06-29 00:00:00+00:00,-0.1743023851125048
2021-06-30 00:00:00+00:00,-0.17920081230063145
2021-07-01 00:00:00+00:00,-0.18175259338727
2021-07-02 00:00:00+00:00,-0.18741968373867113
2021-07-03 00:00:00+00:00,-0.19200170318230816
2021-07-04 00:00:00+00:00,-0.19741997866896527
2021-07-05 00:00:00+00:00,-0.19868647634183484
2021-07-06 00:00:00+00:00,-0.20441893972152497
2021-07-07 00:00:00+00:00,-0.21111559438747768
2021-07-08 00:00:00+00:00,-0.21584642588560973
2021-07-09 00:00:00+00:00,-0.21915885502422294
2021-07-10 00:00:00+00:00,-0.22647149940977443
2021-07-11 00:00:00+00:00,-0.23151836630984426
2021-07-12 00:00:00+00:00,-0.23500841947596723
2021-07-13 00:00:00+00:00,-0.242456926468747
2021-07-14 00:00:00+00:00,-0.25033450296257204
2021-07-15 00:00:00+00:00,-0.25402794125841854
2021-07-16 00:00:00+00:00,-0.26242893579923376
2021-07-17 00:00:00+00:00,-0.27070146276511475
2021-07-18 00:00:00+00:00,-0.2784613569084569
2021-07-19 00:00:00+00:00,-0.2820814175640879
2021-07-20 00:00:00+00:00,-0.2854515650836584
2021-07-21 00:00:00+00:00,-0.24826289168282556
2021-07-22 00:00:00+00:00,-0.2562138700344704
2021-07-23 00:00:00+00:00,-0.2548222237441693
2021-07-24 00:00:00+00:00,-0.2608477364432196
2021-07-25 00:00:00+00:00,-0.26429197338578414
2021-07-26 00:00:00+00:00,-0.2564156615412167
2021-07-27 00:00:00+00:00,-0.2518314417743865
2021-07-28 00:00:00+00:00,-0.26022886927939426
2021-07-29 00:00:00+00:00,0.0
2021-07-30 00:00:00+00:00,0.0
2021-07-31 00:00:00+00:00,0.0
2021-08-01 00:00:00+00:00,0.0
2021-08-02 00:00:00+00:00,0.0
2021-08-03 00:00:00+00:00,0.0
2021-08-04 00:00:00+00:00,0.0
2021-08-05 00:00:00+00:00,0.0
2021-08-06 00:00:00+00:00,0.0
2021-08-07 00:00:00+00:00,0.0
2021-08-08 00:00:00+00:00,0.0
2021-08-09 00:00:00+00:00,0.26699058026357403
2021-08-10 00:00:00+00:00,0.269640182574527
2021-08-11 00:00:00+00:00,0.27788213400157497
2021-08-12 00:00:00+00:00,0.27696088460293167
2021-08-13 00:00:00+00:00,0.2569673019385634
2021-08-14 00:00:00+00:00,0.2610458271850141
2021-08-15 00:00:00+00:00,0.2689793875299138
2021-08-16 00:00:00+00:00,0.27062267701307596
2021-08-17 00:00:00+00:00,0.2700867209226153
2021-08-18 00:00:00+00:00,0.2791773765391827
2021-08-19 00:00:00+00:00,0.0
2021-08-20 00:00:00+00:00,0.0
2021-08-21 00:00:00+00:00,0.0
2021-08-22 00:00:00+00:00,0.0
2021-08-23 00:00:00+00:00,0.0
2021-08-24 00:00:00+00:00,0.0
2021-08-25 00:00:00+00:00,0.0
2021-08-26 00:00:00+00:00,0.0
2021-08-27 00:00:00+00:00,0.0
2021-08-28 00:00:00+00:00,0.0
2021-08-29 00:00:00+00:00,0.0
2021-08-30 00:00:00+00:00,0.0
2021-08-31 00:00:00+00:00,0.0
2021-09-01 00:00:00+00:00,0.0
2021-09-02 00:00:00+00:00,0.0
2021-09-03 00:00:00+00:00,0.0
2021-09-04 00:00:00+00:00,0.0
2021-09-05 00:00:00+00:00,0.0
2021-09-06 00:00:00+00:00,0.0
2021-09-07 00:00:00+00:00,0.0
2021-09-08 00:00:00+00:00,0.0
2021-09-09 00:00:00+00:00,0.0
2021-09-10 00:00:00+00:00,0.0
2021-09-11 00:00:00+00:00,0.0
2021-09-12 00:00:00+00:00,0.0
2021-09-13 00:00:00+00:00,0.0
2021-09-14 00:00:00+00:00,0.0
2021-09-15 00:00:00+00:00,0.0
2021-09-16 00:00:00+00:00,0.0
2021-09-17 00:00:00+00:00,0.0
2021-09-18 00:00:00+00:00,0.0
2021-09-19 00:00:00+00:00,0.0
2021-09-20 00:00:00+00:00,0.0
2021-09-21 00:00:00+00:00,0.0
2021-09-22 00:00:00+00:00,0.0
2021-09-23 00:00:00+00:00,0.0
2021-09-24 00:00:00+00:00,0.0
2021-09-25 00:00:00+00:00,0.0
2021-09-26 00:00:00+00:00,0.0
2021-09-27 00:00:00+00:00,0.0
2021-09-28 00:00:00+00:00,0.0
2021-09-29 00:00:00+00:00,0.0
2021-09-30 00:00:00+00:00,0.0
2021-10-01 00:00:00+00:00,0.0
2021-10-02 00:00:00+00:00,0.0
2021-10-03 00:00:00+00:00,0.0
2021-10-04 00:00:00+00:00,0.0
2021-10-05 00:00:00+00:00,0.0
2021-10-06 00:00:00+00:00,0.0
2021-10-07 00:00:00+00:00,0.0
2021-10-08 00:00:00+00:00,0.0
2021-10-09 00:00:00+00:00,0.0
2021-10-10 00:00:00+00:00,0.0
2021-10-11 00:00:00+00:00,0.24277192588391608
2021-10-12 00:00:00+00:00,0.24329792958469879
2021-10-13 00:00:00+00:00,0.250530459475161
2021-10-14 00:00:00+00:00,0.25807702770403174
2021-10-15 00:00:00+00:00,0.2447817852061718
2021-10-16 00:00:00+00:00,0.24939060273449556
2021-10-17 00:00:00+00:00,0.2578333321277514
2021-10-18 00:00:00+00:00,0.2664220320902545
2021-10-19 00:00:00+00:00,0.2716256478084448
2021-10-20 00:00:00+00:00,0.2795766626977149
2021-10-21 00:00:00+00:00,0.2519133163868056
2021-10-22 00:00:00+00:00,0.2533879915134642
2021-10-23 00:00:00+00:00,0.26188869650981617
2021-10-24 00:00:00+00:00,0.2691357974923134
2021-10-25 00:00:00+00:00,0.2728654272967589
2021-10-26 00:00:00+00:00,0.2630257662987534
2021-10-27 00:00:00+00:00,0.2628378329477858
2021-10-28 00:00:00+00:00,0.26439362398666494
2021-10-29 00:00:00+00:00,0.270224813411433
2021-10-30 00:00:00+00:00,0.2783264933843722
2021-10-31 00:00:00+00:00,0.2859427654450966
2021-11-01 00:00:00+00:00,0.2947768552668877
2021-11-02 00:00:00+00:00,0.2952558602439067
2021-11-03 00:00:00+00:00,0.30425257380291426
2021-11-04 00:00:00+00:00,0.30532051405289484
2021-11-05 00:00:00+00:00,0.3148220796511292
2021-11-06 00:00:00+00:00,0.3253389711647905
2021-11-07 00:00:00+00:00,0.3279301352633401
2021-11-08 00:00:00+00:00,0.29859500691140833
2021-11-09 00:00:00+00:00,0.3056071894858096
2021-11-10 00:00:00+00:00,0.3015082905694175
2021-11-11 00:00:00+00:00,0.3113729121564304
2021-11-12 00:00:00+00:00,0.31859014595287805
2021-11-13 00:00:00+00:00,0.3293745360612725
2021-11-14 00:00:00+00:00,0.3386949378427111
2021-11-15 00:00:00+00:00,0.3339477884987813
2021-11-16 00:00:00+00:00,0.3060389550454849
2021-11-17 00:00:00+00:00,0.31615747199830846
2021-11-18 00:00:00+00:00,0.29288709173414473
2021-11-19 00:00:00+00:00,0.29680773982624487
2021-11-20 00:00:00+00:00,0.2981941986111771
2021-11-21 00:00:00+00:00,0.3059967503338798
2021-11-22 00:00:00+00:00,0.29982998705833436
2021-11-23 00:00:00+00:00,0.0
2021-11-24 00:00:00+00:00,0.0
2021-11-25 00:00:00+00:00,0.0
2021-11-26 00:00:00+00:00,0.0
2021-11-27 00:00:00+00:00,0.0
2021-11-28 00:00:00+00:00,0.0
2021-11-29 00:00:00+00:00,0.0
2021-11-30 00:00:00+00:00,0.0
2021-12-01 00:00:00+00:00,0.0
2021-12-02 00:00:00+00:00,0.0
2021-12-03 00:00:00+00:00,0.0
2021-12-04 00:00:00+00:00,0.0
2021-12-05 00:00:00+00:00,0.0
2021-12-06 00:00:00+00:00,0.0
2021-12-07 00:00:00+00:00,0.0
2021-12-08 00:00:00+00:00,0.0
2021-12-09 00:00:00+00:00,0.0
2021-12-10 00:00:00+00:00,-0.281602337712792
2021-12-11 00:00:00+00:00,-0.2689107288106297
2021-12-12 00:00:00+00:00,-0.274667449818028
2021-12-13 00:00:00+00:00,-0.25575129505587446
2021-12-14 00:00:00+00:00,-0.26413851895586216
2021-12-15 00:00:00+00:00,-0.25271108068940346
2021-12-16 00:00:00+00:00,-0.2587534590399149
2021-12-17 00:00:00+00:00,0.0
2021-12-18 00:00:00+00:00,0.0
2021-12-19 00:00:00+00:00,0.0
2021-12-20 00:00:00+00:00,0.0
2021-12-21 00:00:00+00:00,0.0
2021-12-22 00:00:00+00:00,0.0
2021-12-23 00:00:00+00:00,0.0
2021-12-24 00:00:00+00:00,0.0
2021-12-25 00:00:00+00:00,0.0
2021-12-26 00:00:00+00:00,0.0
2021-12-27 00:00:00+00:00,0.0
2021-12-28 00:00:00+00:00,0.0
2021-12-29 00:00:00+00:00,0.0
2021-12-30 00:00:00+00:00,0.0
2021-12-31 00:00:00+00:00,0.0
2022-01-01 00:00:00+00:00,0.0
2022-01-02 00:00:00+00:00,0.0
2022-01-03 00:00:00+00:00,0.0
2022-01-04 00:00:00+00:00,0.0
2022-01-05 00:00:00+00:00,0.0
2022-01-06 00:00:00+00:00,0.0
2022-01-07 00:00:00+00:00,0.0
2022-01-08 00:00:00+00:00,0.0
2022-01-09 00:00:00+00:00,0.0
2022-01-10 00:00:00+00:00,0.0
2022-01-11 00:00:00+00:00,0.0
2022-01-12 00:00:00+00:00,0.0
2022-01-13 00:00:00+00:00,0.0
2022-01-14 00:00:00+00:00,0.0
2022-01-15 00:00:00+00:00,0.0
2022-01-16 00:00:00+00:00,0.0
2022-01-17 00:00:00+00:00,0.0
2022-01-18 00:00:00+00:00,0.0
2022-01-19 00:00:00+00:00,0.0
2022-01-20 00:00:00+00:00,0.0
2022-01-21 00:00:00+00:00,0.0
2022-01-22 00:00:00+00:00,0.0
2022-01-23 00:00:00+00:00,0.0
2022-01-24 00:00:00+00:00,0.0
2022-01-25 00:00:00+00:00,0.0
2022-01-26 00:00:00+00:00,0.0
2022-01-27 00:00:00+00:00,0.0
2022-01-28 00:00:00+00:00,0.0
2022-01-29 00:00:00+00:00,0.0
2022-01-30 00:00:00+00:00,0.0
2022-01-31 00:00:00+00:00,0.0
2022-02-01 00:00:00+00:00,0.0
2022-02-02 00:00:00+00:00,0.0
2022-02-03 00:00:00+00:00,0.0
2022-02-04 00:00:00+00:00,-0.24049015557977296
2022-02-05 00:00:00+00:00,-0.24855584571669356
2022-02-06 00:00:00+00:00,-0.2545950686304625
2022-02-07 00:00:00+00:00,-0.25806353061872284
2022-02-08 00:00:00+00:00,-0.26683195394933384
2022-02-09 00:00:00+00:00,-0.2758877238118622
2022-02-10 00:00:00+00:00,-0.28083774613773316
2022-02-11 00:00:00+00:00,-0.28228056284221326
2022-02-12 00:00:00+00:00,0.0
2022-02-13 00:00:00+00:00,0.0
2022-02-14 00:00:00+00:00,0.0
2022-02-15 00:00:00+00:00,0.0
2022-02-16 00:00:00+00:00,0.0
2022-02-17 00:00:00+00:00,0.0
2022-02-18 00:00:00+00:00,0.0
2022-02-19 00:00:00+00:00,0.2759673750104078
2022-02-20 00:00:00+00:00,0.2725556172221743
2022-02-21 00:00:00+00:00,0.2744489217794269
2022-02-22 00:00:00+00:00,0.0
2022-02-23 00:00:00+00:00,0.0
2022-02-24 00:00:00+00:00,0.0
2022-02-25 00:00:00+00:00,0.0
2022-02-26 00:00:00+00:00,0.0
2022-02-27 00:00:00+00:00,0.0
2022-02-28 00:00:00+00:00,0.0
2022-03-01 00:00:00+00:00,0.0
2022-03-02 00:00:00+00:00,0.0
2022-03-03 00:00:00+00:00,0.21436848396504743
2022-03-04 00:00:00+00:00,0.19882055256076703
2022-03-05 00:00:00+00:00,0.20529757530177076
2022-03-06 00:00:00+00:00,0.21048935940033295
2022-03-07 00:00:00+00:00,0.0
2022-03-08 00:00:00+00:00,0.0
2022-03-09 00:00:00+00:00,0.0
2022-03-10 00:00:00+00:00,0.0
2022-03-11 00:00:00+00:00,0.0
2022-03-12 00:00:00+00:00,-0.21264015537598402
2022-03-13 00:00:00+00:00,-0.21748399222603612
2022-03-14 00:00:00+00:00,-0.21533618703211246
2022-03-15 00:00:00+00:00,-0.2223980126177456
2022-03-16 00:00:00+00:00,-0.22151512057179476
2022-03-17 00:00:00+00:00,-0.2288366269600407
2022-03-18 00:00:00+00:00,-0.23495254230007293
2022-03-19 00:00:00+00:00,0.0
2022-03-20 00:00:00+00:00,-0.24733158440387334
2022-03-21 00:00:00+00:00,-0.25552860483117495
2022-03-22 00:00:00+00:00,0.0
2022-03-23 00:00:00+00:00,0.0
2022-03-24 00:00:00+00:00,0.0
2022-03-25 00:00:00+00:00,0.0
2022-03-26 00:00:00+00:00,0.0
2022-03-27 00:00:00+00:00,0.0
2022-03-28 00:00:00+00:00,0.0
2022-03-29 00:00:00+00:00,0.0
2022-03-30 00:00:00+00:00,0.31013792165238024
2022-03-31 00:00:00+00:00,0.3038038661133622
2022-04-01 00:00:00+00:00,0.31259454525514946
2022-04-02 00:00:00+00:00,0.32088740166151136
2022-04-03 00:00:00+00:00,0.33085494623274286
2022-04-04 00:00:00+00:00,0.34205650773828494
2022-04-05 00:00:00+00:00,0.3422678303610624
2022-04-06 00:00:00+00:00,0.3136631025791506
2022-04-07 00:00:00+00:00,0.3236153974144458
2022-04-08 00:00:00+00:00,0.3246941082231004
2022-04-09 00:00:00+00:00,0.33325573210524356
2022-04-10 00:00:00+00:00,0.3423957825367837
2022-04-11 00:00:00+00:00,0.30395206931094326
2022-04-12 00:00:00+00:00,0.3094562137346301
2022-04-13 00:00:00+00:00,0.3099359413686872
2022-04-14 00:00:00+00:00,0.0
2022-04-15 00:00:00+00:00,0.0
2022-04-16 00:00:00+00:00,0.0
2022-04-17 00:00:00+00:00,0.0
2022-04-18 00:00:00+00:00,0.0
2022-04-19 00:00:00+00:00,0.0
2022-04-20 00:00:00+00:00,0.0
2022-04-21 00:00:00+00:00,0.0
2022-04-22 00:00:00+00:00,0.0
2022-04-23 00:00:00+00:00,0.0
2022-04-24 00:00:00+00:00,0.0
2022-04-25 00:00:00+00:00,0.0
2022-04-26 00:00:00+00:00,0.0
2022-04-27 00:00:00+00:00,0.0
2022-04-28 00:00:00+00:00,0.0
2022-04-29 00:00:00+00:00,0.0
2022-04-30 00:00:00+00:00,0.0
2022-05-01 00:00:00+00:00,0.0
2022-05-02 00:00:00+00:00,0.0
2022-05-03 00:00:00+00:00,0.0
2022-05-04 00:00:00+00:00,0.0
2022-05-05 00:00:00+00:00,0.0
2022-05-06 00:00:00+00:00,0.0
2022-05-07 00:00:00+00:00,0.0
2022-05-08 00:00:00+00:00,0.0
2022-05-09 00:00:00+00:00,0.0
2022-05-10 00:00:00+00:00,0.0
2022-05-11 00:00:00+00:00,0.0
2022-05-12 00:00:00+00:00,0.0
2022-05-13 00:00:00+00:00,0.0
2022-05-14 00:00:00+00:00,0.0
2022-05-15 00:00:00+00:00,0.0
2022-05-16 00:00:00+00:00,0.0
2022-05-17 00:00:00+00:00,0.0
2022-05-18 00:00:00+00:00,0.0
2022-05-19 00:00:00+00:00,0.0
2022-05-20 00:00:00+00:00,0.0
2022-05-21 00:00:00+00:00,0.0
2022-05-22 00:00:00+00:00,0.0
2022-05-23 00:00:00+00:00,0.0
2022-05-24 00:00:00+00:00,0.0
2022-05-25 00:00:00+00:00,0.0
2022-05-26 00:00:00+00:00,0.0
2022-05-27 00:00:00+00:00,0.0
2022-05-28 00:00:00+00:00,0.0
2022-05-29 00:00:00+00:00,0.0
2022-05-30 00:00:00+00:00,0.0
2022-05-31 00:00:00+00:00,0.0
2022-06-01 00:00:00+00:00,0.0
2022-06-02 00:00:00+00:00,0.0
2022-06-03 00:00:00+00:00,0.0
2022-06-04 00:00:00+00:00,-0.2571427955514333
2022-06-05 00:00:00+00:00,-0.26563875101654927
2022-06-06 00:00:00+00:00,-0.25748556326112265
2022-06-07 00:00:00+00:00,-0.2659261969636776
2022-06-08 00:00:00+00:00,-0.26855072732802643
2022-06-09 00:00:00+00:00,-0.27766627013024586
2022-06-10 00:00:00+00:00,-0.27884275037357215
2022-06-11 00:00:00+00:00,-0.28481024835768287
2022-06-12 00:00:00+00:00,-0.27285141665124646
2022-06-13 00:00:00+00:00,-0.17798306911920125
2022-06-14 00:00:00+00:00,-0.18390712578068263
2022-06-15 00:00:00+00:00,-0.18714679674615517
2022-06-16 00:00:00+00:00,-0.17743157657418976
2022-06-17 00:00:00+00:00,-0.1818998024357711
2022-06-18 00:00:00+00:00,-0.1818973817231398
2022-06-19 00:00:00+00:00,-0.167751519574487
2022-06-20 00:00:00+00:00,-0.1727222418994781
2022-06-21 00:00:00+00:00,-0.17764485993746226
2022-06-22 00:00:00+00:00,-0.18275988032424256
2022-06-23 00:00:00+00:00,-0.17840773076303224
2022-06-24 00:00:00+00:00,-0.18369616160690927
2022-06-25 00:00:00+00:00,-0.18864220145620153
2022-06-26 00:00:00+00:00,-0.19458669928299926
2022-06-27 00:00:00+00:00,-0.20113981841379613
2022-06-28 00:00:00+00:00,-0.2075122398717143
2022-06-29 00:00:00+00:00,-0.21453212874117217
2022-06-30 00:00:00+00:00,-0.22170543117699243
2022-07-01 00:00:00+00:00,-0.22825454839691844
2022-07-02 00:00:00+00:00,-0.2354656676960535
2022-07-03 00:00:00+00:00,-0.242424097738512
2022-07-04 00:00:00+00:00,-0.23404842734144865
2022-07-05 00:00:00+00:00,-0.24187212182279264
2022-07-06 00:00:00+00:00,-0.24696117654670832
2022-07-07 00:00:00+00:00,-0.23850871880732272
2022-07-08 00:00:00+00:00,-0.24643153701534487
2022-07-09 00:00:00+00:00,-0.25461441143321906
2022-07-10 00:00:00+00:00,-0.2564912422326703
2022-07-11 00:00:00+00:00,-0.25525574482899593
2022-07-12 00:00:00+00:00,-0.2593816879593687
2022-07-13 00:00:00+00:00,-0.25121108095844524
2022-07-14 00:00:00+00:00,-0.2568385490181822
2022-07-15 00:00:00+00:00,-0.26392580016632416
2022-07-16 00:00:00+00:00,-0.27040634611481645
2022-07-17 00:00:00+00:00,-0.2768930512234843
2022-07-18 00:00:00+00:00,-0.24417608787625722
2022-07-19 00:00:00+00:00,-0.24542189284525032
2022-07-20 00:00:00+00:00,-0.252872443737142
2022-07-21 00:00:00+00:00,-0.26107618068270105
2022-07-22 00:00:00+00:00,-0.2660775242394311
2022-07-23 00:00:00+00:00,-0.27371951008047457
2022-07-24 00:00:00+00:00,-0.28284116784392815
2022-07-25 00:00:00+00:00,0.0
2022-07-26 00:00:00+00:00,0.0
2022-07-27 00:00:00+00:00,0.0
2022-07-28 00:00:00+00:00,0.0
2022-07-29 00:00:00+00:00,0.0
2022-07-30 00:00:00+00:00,0.0
2022-07-31 00:00:00+00:00,0.0
2022-08-01 00:00:00+00:00,0.0
2022-08-02 00:00:00+00:00,0.0
2022-08-03 00:00:00+00:00,0.0
2022-08-04 00:00:00+00:00,0.0
2022-08-05 00:00:00+00:00,0.0
2022-08-06 00:00:00+00:00,0.0
2022-08-07 00:00:00+00:00,0.0
2022-08-08 00:00:00+00:00,0.0
2022-08-09 00:00:00+00:00,0.0
2022-08-10 00:00:00+00:00,0.0
2022-08-11 00:00:00+00:00,0.0
2022-08-12 00:00:00+00:00,0.0
2022-08-13 00:00:00+00:00,0.0
2022-08-14 00:00:00+00:00,0.0
2022-08-15 00:00:00+00:00,0.0
2022-08-16 00:00:00+00:00,0.0
2022-08-17 00:00:00+00:00,0.0
2022-08-18 00:00:00+00:00,0.0
2022-08-19 00:00:00+00:00,0.0
2022-08-20 00:00:00+00:00,0.0
2022-08-21 00:00:00+00:00,0.0
2022-08-22 00:00:00+00:00,0.0
2022-08-23 00:00:00+00:00,0.0
2022-08-24 00:00:00+00:00,0.0
2022-08-25 00:00:00+00:00,0.0
2022-08-26 00:00:00+00:00,0.0
2022-08-27 00:00:00+00:00,0.0
2022-08-28 00:00:00+00:00,0.0
2022-08-29 00:00:00+00:00,0.0
2022-08-30 00:00:00+00:00,0.0
2022-08-31 00:00:00+00:00,0.0
2022-09-01 00:00:00+00:00,0.0
2022-09-02 00:00:00+00:00,0.0
2022-09-03 00:00:00+00:00,0.0
2022-09-04 00:00:00+00:00,0.0
2022-09-05 00:00:00+00:00,0.0
2022-09-06 00:00:00+00:00,0.0
2022-09-07 00:00:00+00:00,0.0
2022-09-08 00:00:00+00:00,0.0
2022-09-09 00:00:00+00:00,0.0
2022-09-10 00:00:00+00:00,0.0
2022-09-11 00:00:00+00:00,0.0
2022-09-12 00:00:00+00:00,0.0
2022-09-13 00:00:00+00:00,0.0
2022-09-14 00:00:00+00:00,0.0
2022-09-15 00:00:00+00:00,0.0
2022-09-16 00:00:00+00:00,0.0
2022-09-17 00:00:00+00:00,0.0
2022-09-18 00:00:00+00:00,0.0
2022-09-19 00:00:00+00:00,0.0
2022-09-20 00:00:00+00:00,0.0
2022-09-21 00:00:00+00:00,0.0
2022-09-22 00:00:00+00:00,0.0
2022-09-23 00:00:00+00:00,0.0
2022-09-24 00:00:00+00:00,0.0
2022-09-25 00:00:00+00:00,0.0
2022-09-26 00:00:00+00:00,0.0
2022-09-27 00:00:00+00:00,0.0
2022-09-28 00:00:00+00:00,0.0
2022-09-29 00:00:00+00:00,0.0
2022-09-30 00:00:00+00:00,0.0
2022-10-01 00:00:00+00:00,0.0
2022-10-02 00:00:00+00:00,-0.35399948595039465
2022-10-03 00:00:00+00:00,-0.3487351366071541
2022-10-04 00:00:00+00:00,-0.34050388384354413
2022-10-05 00:00:00+00:00,-0.3504900271377783
2022-10-06 00:00:00+00:00,-0.36036274166734006
2022-10-07 00:00:00+00:00,-0.3649814858220864
2022-10-08 00:00:00+00:00,-0.37681033690322674
2022-10-09 00:00:00+00:00,-0.38940898264409507
2022-10-10 00:00:00+00:00,-0.39793880827642997
2022-10-11 00:00:00+00:00,-0.41130205028065603
2022-10-12 00:00:00+00:00,-0.42355627772826904
2022-10-13 00:00:00+00:00,-0.4325795527936605
2022-10-14 00:00:00+00:00,-0.444640560417047
2022-10-15 00:00:00+00:00,-0.45902950250155344
2022-10-16 00:00:00+00:00,-0.46896947829594393
2022-10-17 00:00:00+00:00,-0.47535068431877076
2022-10-18 00:00:00+00:00,-0.4865180961472343
2022-10-19 00:00:00+00:00,-0.49921173289896087
2022-10-20 00:00:00+00:00,-0.5156930878020997
2022-10-21 00:00:00+00:00,-0.5299587199844916
2022-10-22 00:00:00+00:00,-0.5474227578159662
2022-10-23 00:00:00+00:00,-0.5434621004792238
2022-10-24 00:00:00+00:00,-0.5535777086011959
2022-10-25 00:00:00+00:00,-0.4945867119787955
2022-10-26 00:00:00+00:00,-0.4716825174189535
2022-10-27 00:00:00+00:00,-0.4593295912409665
2022-10-28 00:00:00+00:00,0.0
2022-10-29 00:00:00+00:00,0.0
2022-10-30 00:00:00+00:00,0.0
2022-10-31 00:00:00+00:00,0.5046912190325368
2022-11-01 00:00:00+00:00,0.5214473522426518
2022-11-02 00:00:00+00:00,0.5221537355314025
2022-11-03 00:00:00+00:00,0.5397074636914325
2022-11-04 00:00:00+00:00,0.46679276536240555
2022-11-05 00:00:00+00:00,0.4823604938822293
2022-11-06 00:00:00+00:00,0.48086459364385353
2022-11-07 00:00:00+00:00,0.4834969078175145
2022-11-08 00:00:00+00:00,0.2887932197802098
2022-11-09 00:00:00+00:00,0.1930418749733347
2022-11-10 00:00:00+00:00,0.16977058057154984
2022-11-11 00:00:00+00:00,0.0
2022-11-12 00:00:00+00:00,0.0
2022-11-13 00:00:00+00:00,0.0
2022-11-14 00:00:00+00:00,-0.19027352617903814
2022-11-15 00:00:00+00:00,-0.19511774585141586
2022-11-16 00:00:00+00:00,-0.20164392398488168
2022-11-17 00:00:00+00:00,-0.20824342711852123
2022-11-18 00:00:00+00:00,-0.2151009871899274
2022-11-19 00:00:00+00:00,-0.22218661588159905
2022-11-20 00:00:00+00:00,-0.2281457411054486
2022-11-21 00:00:00+00:00,-0.233250513694832
2022-11-22 00:00:00+00:00,-0.23566961343705725
2022-11-23 00:00:00+00:00,-0.2385368665497467
2022-11-24 00:00:00+00:00,-0.24653226000999798
2022-11-25 00:00:00+00:00,-0.2548890399790346
2022-11-26 00:00:00+00:00,-0.26352698931952206
2022-11-27 00:00:00+00:00,-0.27239439081816635
2022-11-28 00:00:00+00:00,-0.28088097268436796
2022-11-29 00:00:00+00:00,-0.28746387280114766
2022-11-30 00:00:00+00:00,-0.2790896761665556
2022-12-01 00:00:00+00:00,-0.2874904804972228
2022-12-02 00:00:00+00:00,-0.29659464860032936
2022-12-03 00:00:00+00:00,-0.30566742565681676
2022-12-04 00:00:00+00:00,-0.31376552960050935
2022-12-05 00:00:00+00:00,-0.3235032228959883
2022-12-06 00:00:00+00:00,-0.33369659586475864
2022-12-07 00:00:00+00:00,-0.34233195517363535
2022-12-08 00:00:00+00:00,-0.34534509569145866
2022-12-09 00:00:00+00:00,-0.35648053718061645
2022-12-10 00:00:00+00:00,-0.3685680039754911
2022-12-11 00:00:00+00:00,-0.3810366268867865
2022-12-12 00:00:00+00:00,0.0
2022-12-13 00:00:00+00:00,0.0
2022-12-14 00:00:00+00:00,0.0
2022-12-15 00:00:00+00:00,0.0
2022-12-16 00:00:00+00:00,0.0
2022-12-17 00:00:00+00:00,0.0
2022-12-18 00:00:00+00:00,0.0
2022-12-19 00:00:00+00:00,0.0
2022-12-20 00:00:00+00:00,0.0
2022-12-21 00:00:00+00:00,0.0
2022-12-22 00:00:00+00:00,0.0
2022-12-23 00:00:00+00:00,0.0
2022-12-24 00:00:00+00:00,0.0
2022-12-25 00:00:00+00:00,0.0
2022-12-26 00:00:00+00:00,0.0
2022-12-27 00:00:00+00:00,0.0
2022-12-28 00:00:00+00:00,0.0
2022-12-29 00:00:00+00:00,0.0
2022-12-30 00:00:00+00:00,0.0
2022-12-31 00:00:00+00:00,0.0
2023-01-01 00:00:00+00:00,0.0
2023-01-02 00:00:00+00:00,0.0
2023-01-03 00:00:00+00:00,0.0
2023-01-04 00:00:00+00:00,0.0
2023-01-05 00:00:00+00:00,0.0
2023-01-06 00:00:00+00:00,0.0
2023-01-07 00:00:00+00:00,0.0
2023-01-08 00:00:00+00:00,0.0
2023-01-09 00:00:00+00:00,0.0
2023-01-10 00:00:00+00:00,0.0
2023-01-11 00:00:00+00:00,0.0
2023-01-12 00:00:00+00:00,0.0
2023-01-13 00:00:00+00:00,0.0
2023-01-14 00:00:00+00:00,0.0
2023-01-15 00:00:00+00:00,0.0
2023-01-16 00:00:00+00:00,0.0
2023-01-17 00:00:00+00:00,0.0
2023-01-18 00:00:00+00:00,0.0
2023-01-19 00:00:00+00:00,0.0
2023-01-20 00:00:00+00:00,0.0
2023-01-21 00:00:00+00:00,0.0
2023-01-22 00:00:00+00:00,0.0
2023-01-23 00:00:00+00:00,0.0
2023-01-24 00:00:00+00:00,0.0
2023-01-25 00:00:00+00:00,0.0
2023-01-26 00:00:00+00:00,0.0
2023-01-27 00:00:00+00:00,0.0
2023-01-28 00:00:00+00:00,0.0
2023-01-29 00:00:00+00:00,0.0
2023-01-30 00:00:00+00:00,0.3823453636245624
2023-01-31 00:00:00+00:00,0.39483060351331173
2023-02-01 00:00:00+00:00,0.4019018134970111
2023-02-02 00:00:00+00:00,0.4057134029947729
2023-02-03 00:00:00+00:00,0.41735427386037866
2023-02-04 00:00:00+00:00,0.42712331136228954
2023-02-05 00:00:00+00:00,0.42645585335983166
2023-02-06 00:00:00+00:00,0.43529264460421035
2023-02-07 00:00:00+00:00,0.4406015552157734
2023-02-08 00:00:00+00:00,0.4433663091343353
2023-02-09 00:00:00+00:00,0.3827962065197496
2023-02-10 00:00:00+00:00,0.3942350147772746
2023-02-11 00:00:00+00:00,0.40531899990030323
2023-02-12 00:00:00+00:00,0.4185184843406865
2023-02-13 00:00:00+00:00,0.4327137886471244
2023-02-14 00:00:00+00:00,0.43739719474142685
2023-02-15 00:00:00+00:00,0.3114596640201373
2023-02-16 00:00:00+00:00,0.3078910055323018
2023-02-17 00:00:00+00:00,0.3060435127532045
2023-02-18 00:00:00+00:00,0.31622638437604167
2023-02-19 00:00:00+00:00,0.32224648027468655
2023-02-20 00:00:00+00:00,0.3304310822392572
2023-02-21 00:00:00+00:00,0.33470825932456855
2023-02-22 00:00:00+00:00,0.34266779323689817
2023-02-23 00:00:00+00:00,0.35116608253588233
2023-02-24 00:00:00+00:00,0.34405286668558593
2023-02-25 00:00:00+00:00,0.35565523842303187
2023-02-26 00:00:00+00:00,0.36356164242337524
2023-02-27 00:00:00+00:00,0.3756557988296183
2023-02-28 00:00:00+00:00,0.38206900710988145
2023-03-01 00:00:00+00:00,0.38602876785642104
2023-03-02 00:00:00+00:00,0.3972699265235545
2023-03-03 00:00:00+00:00,0.36117287931015496
2023-03-04 00:00:00+00:00,0.37337910317287176
2023-03-05 00:00:00+00:00,0.38543547333490075
2023-03-06 00:00:00+00:00,0.3984728634224671
2023-03-07 00:00:00+00:00,0.0
2023-03-08 00:00:00+00:00,0.0
2023-03-09 00:00:00+00:00,0.0
2023-03-10 00:00:00+00:00,-0.3632788787151945
2023-03-11 00:00:00+00:00,-0.36081956164071527
2023-03-12 00:00:00+00:00,-0.29703651474532833
2023-03-13 00:00:00+00:00,-0.2496365979191611
2023-03-14 00:00:00+00:00,-0.256346476594754
2023-03-15 00:00:00+00:00,-0.26210154355366283
2023-03-16 00:00:00+00:00,-0.2675581976585691
2023-03-17 00:00:00+00:00,-0.23567862605847115
2023-03-18 00:00:00+00:00,0.0
2023-03-19 00:00:00+00:00,0.24337654500998238
2023-03-20 00:00:00+00:00,0.24907278284886328
2023-03-21 00:00:00+00:00,0.2574159859903433
2023-03-22 00:00:00+00:00,0.2552094622368466
2023-03-23 00:00:00+00:00,0.25866296836167363
2023-03-24 00:00:00+00:00,0.25733408029966265
2023-03-25 00:00:00+00:00,0.26571418430955596
2023-03-26 00:00:00+00:00,0.27382342165551354
2023-03-27 00:00:00+00:00,0.27200494131604014
2023-03-28 00:00:00+00:00,0.2812270924570455
2023-03-29 00:00:00+00:00,0.2814109082416913
2023-03-30 00:00:00+00:00,0.2880815753388784
2023-03-31 00:00:00+00:00,0.2969832278982004
2023-04-01 00:00:00+00:00,0.30622991242184266
2023-04-02 00:00:00+00:00,0.31459159281742455
2023-04-03 00:00:00+00:00,0.3206324619252231
2023-04-04 00:00:00+00:00,0.33034250410931526
2023-04-05 00:00:00+00:00,0.3412987304880806
2023-04-06 00:00:00+00:00,0.3516232724313021
2023-04-07 00:00:00+00:00,0.3624968661866091
2023-04-08 00:00:00+00:00,0.3746826375137993
2023-04-09 00:00:00+00:00,0.38509679830092
2023-04-10 00:00:00+00:00,0.364398159457493
2023-04-11 00:00:00+00:00,0.0
2023-04-12 00:00:00+00:00,0.0
2023-04-13 00:00:00+00:00,0.0
2023-04-14 00:00:00+00:00,0.0
2023-04-15 00:00:00+00:00,0.0
2023-04-16 00:00:00+00:00,0.0
2023-04-17 00:00:00+00:00,0.0
2023-04-18 00:00:00+00:00,0.0
2023-04-19 00:00:00+00:00,0.0
2023-04-20 00:00:00+00:00,0.0
2023-04-21 00:00:00+00:00,0.0
2023-04-22 00:00:00+00:00,0.0
2023-04-23 00:00:00+00:00,0.0
2023-04-24 00:00:00+00:00,0.0
2023-04-25 00:00:00+00:00,0.0
2023-04-26 00:00:00+00:00,0.0
2023-04-27 00:00:00+00:00,0.0
2023-04-28 00:00:00+00:00,0.0
2023-04-29 00:00:00+00:00,0.0
2023-04-30 00:00:00+00:00,0.0
2023-05-01 00:00:00+00:00,0.0
2023-05-02 00:00:00+00:00,0.0
2023-05-03 00:00:00+00:00,0.0
2023-05-04 00:00:00+00:00,0.0
2023-05-05 00:00:00+00:00,0.0
2023-05-06 00:00:00+00:00,0.0
2023-05-07 00:00:00+00:00,0.0
2023-05-08 00:00:00+00:00,0.0
2023-05-09 00:00:00+00:00,0.0
2023-05-10 00:00:00+00:00,0.0
2023-05-11 00:00:00+00:00,0.0
2023-05-12 00:00:00+00:00,0.0
2023-05-13 00:00:00+00:00,0.0
2023-05-14 00:00:00+00:00,0.0
2023-05-15 00:00:00+00:00,0.0
2023-05-16 00:00:00+00:00,0.0
2023-05-17 00:00:00+00:00,0.0
2023-05-18 00:00:00+00:00,0.0
2023-05-19 00:00:00+00:00,0.0
2023-05-20 00:00:00+00:00,0.0
2023-05-21 00:00:00+00:00,0.0
2023-05-22 00:00:00+00:00,0.0
2023-05-23 00:00:00+00:00,0.0
2023-05-24 00:00:00+00:00,0.0
2023-05-25 00:00:00+00:00,0.0
2023-05-26 00:00:00+00:00,0.0
2023-05-27 00:00:00+00:00,0.0
2023-05-28 00:00:00+00:00,0.0
2023-05-29 00:00:00+00:00,0.0
2023-05-30 00:00:00+00:00,-0.5208480219764907
2023-05-31 00:00:00+00:00,-0.52194527001828
2023-06-01 00:00:00+00:00,-0.5293490691771572
2023-06-02 00:00:00+00:00,-0.5302535071559661
2023-06-03 00:00:00+00:00,-0.5463522682392447
2023-06-04 00:00:00+00:00,-0.5644749980046174
2023-06-05 00:00:00+00:00,-0.46004119970670565
2023-06-06 00:00:00+00:00,-0.3798102052119076
2023-06-07 00:00:00+00:00,-0.37138327764676654
2023-06-08 00:00:00+00:00,-0.38256265665994804
2023-06-09 00:00:00+00:00,-0.39553391305833335
2023-06-10 00:00:00+00:00,-0.3975842453975283
2023-06-11 00:00:00+00:00,-0.4100064582324572
2023-06-12 00:00:00+00:00,-0.4238706638738459
2023-06-13 00:00:00+00:00,-0.43792645579920897
2023-06-14 00:00:00+00:00,-0.4283070490853938
2023-06-15 00:00:00+00:00,-0.42864948517927853
2023-06-16 00:00:00+00:00,-0.41521271751431943
2023-06-17 00:00:00+00:00,-0.4276308287280494
2023-06-18 00:00:00+00:00,-0.44095611740473983
2023-06-19 00:00:00+00:00,-0.4430772761270974
2023-06-20 00:00:00+00:00,-0.38552834554190035
2023-06-21 00:00:00+00:00,-0.34593175575250185
2023-06-22 00:00:00+00:00,-0.35563504928996237
2023-06-23 00:00:00+00:00,0.0
2023-06-24 00:00:00+00:00,0.0
2023-06-25 00:00:00+00:00,0.38167826329959326
2023-06-26 00:00:00+00:00,0.3908027094709386
2023-06-27 00:00:00+00:00,0.4025852397153039
2023-06-28 00:00:00+00:00,0.40016873346776893
2023-06-29 00:00:00+00:00,0.41240766271145807
2023-06-30 00:00:00+00:00,0.42597147016729303
2023-07-01 00:00:00+00:00,0.44038362309258666
2023-07-02 00:00:00+00:00,0.45487379253845717
2023-07-03 00:00:00+00:00,0.4643512895515215
2023-07-04 00:00:00+00:00,0.46866951348083463
2023-07-05 00:00:00+00:00,0.4782390341834027
2023-07-06 00:00:00+00:00,0.47293130580891046
2023-07-07 00:00:00+00:00,0.4826429409437133
2023-07-08 00:00:00+00:00,0.4982220911180854
2023-07-09 00:00:00+00:00,0.5131952250894938
2023-07-10 00:00:00+00:00,0.5286673890235859
2023-07-11 00:00:00+00:00,0.545472579524813
2023-07-12 00:00:00+00:00,0.5576396202163539
2023-07-13 00:00:00+00:00,0.5147253590134919
2023-07-14 00:00:00+00:00,0.46080807649839567
2023-07-15 00:00:00+00:00,0.47615581640630794
2023-07-16 00:00:00+00:00,0.4919712093651951
2023-07-17 00:00:00+00:00,0.507719585685503
2023-07-18 00:00:00+00:00,0.5195041186122429
2023-07-19 00:00:00+00:00,0.5369454069913298
2023-07-20 00:00:00+00:00,0.5540361605829434
2023-07-21 00:00:00+00:00,0.571801156001329
2023-07-22 00:00:00+00:00,0.5895275655087452
2023-07-23 00:00:00+00:00,0.6009044675198919
2023-07-24 00:00:00+00:00,0.5528003605727145
2023-07-25 00:00:00+00:00,0.5708960179387875
2023-07-26 00:00:00+00:00,0.5880289301309181
2023-07-27 00:00:00+00:00,0.6066741479547556
2023-07-28 00:00:00+00:00,0.6252380433133072
2023-07-29 00:00:00+00:00,0.6460234679584662
2023-07-30 00:00:00+00:00,0.6674672950257287
2023-07-31 00:00:00+00:00,0.0
2023-08-01 00:00:00+00:00,0.0
2023-08-02 00:00:00+00:00,0.0
2023-08-03 00:00:00+00:00,0.0
2023-08-04 00:00:00+00:00,0.0
2023-08-05 00:00:00+00:00,0.0
2023-08-06 00:00:00+00:00,0.0
2023-08-07 00:00:00+00:00,0.0
2023-08-08 00:00:00+00:00,0.0
2023-08-09 00:00:00+00:00,0.0
2023-08-10 00:00:00+00:00,0.0
2023-08-11 00:00:00+00:00,0.0
2023-08-12 00:00:00+00:00,0.0
2023-08-13 00:00:00+00:00,0.0
2023-08-14 00:00:00+00:00,0.0
2023-08-15 00:00:00+00:00,0.0
2023-08-16 00:00:00+00:00,0.0
2023-08-17 00:00:00+00:00,0.0
2023-08-18 00:00:00+00:00,0.0
2023-08-19 00:00:00+00:00,0.0
2023-08-20 00:00:00+00:00,0.0
2023-08-21 00:00:00+00:00,0.0
2023-08-22 00:00:00+00:00,0.0
2023-08-23 00:00:00+00:00,0.0
2023-08-24 00:00:00+00:00,0.0
2023-08-25 00:00:00+00:00,0.0
2023-08-26 00:00:00+00:00,0.0
2023-08-27 00:00:00+00:00,0.0
2023-08-28 00:00:00+00:00,0.0
2023-08-29 00:00:00+00:00,0.0
2023-08-30 00:00:00+00:00,0.0
2023-08-31 00:00:00+00:00,0.0
2023-09-01 00:00:00+00:00,0.0
2023-09-02 00:00:00+00:00,0.0
2023-09-03 00:00:00+00:00,0.0
2023-09-04 00:00:00+00:00,0.0
2023-09-05 00:00:00+00:00,0.0
2023-09-06 00:00:00+00:00,0.0
2023-09-07 00:00:00+00:00,0.0
2023-09-08 00:00:00+00:00,0.0
2023-09-09 00:00:00+00:00,0.0
2023-09-10 00:00:00+00:00,0.0
2023-09-11 00:00:00+00:00,0.0
2023-09-12 00:00:00+00:00,0.0
2023-09-13 00:00:00+00:00,0.0
2023-09-14 00:00:00+00:00,0.0
2023-09-15 00:00:00+00:00,0.0
2023-09-16 00:00:00+00:00,0.0
2023-09-17 00:00:00+00:00,0.0
2023-09-18 00:00:00+00:00,0.0
2023-09-19 00:00:00+00:00,0.0
2023-09-20 00:00:00+00:00,0.0
2023-09-21 00:00:00+00:00,0.0
2023-09-22 00:00:00+00:00,0.0
2023-09-23 00:00:00+00:00,0.0
2023-09-24 00:00:00+00:00,0.0
2023-09-25 00:00:00+00:00,0.0
2023-09-26 00:00:00+00:00,0.0
2023-09-27 00:00:00+00:00,-0.6755595806223017
2023-09-28 00:00:00+00:00,-0.6309335646298084
2023-09-29 00:00:00+00:00,-0.649883188650035
2023-09-30 00:00:00+00:00,-0.6717652912143193
2023-10-01 00:00:00+00:00,0.578329533764812
2023-10-02 00:00:00+00:00,0.5715767564486697
2023-10-03 00:00:00+00:00,0.5887940853907282
2023-10-04 00:00:00+00:00,0.5979528893012488
2023-10-05 00:00:00+00:00,0.597732280686394
2023-10-06 00:00:00+00:00,0.5930329389155709
2023-10-07 00:00:00+00:00,0.6129570367332345
2023-10-08 00:00:00+00:00,0.6326770388739681
2023-10-09 00:00:00+00:00,0.6339211643348269
2023-10-10 00:00:00+00:00,0.6490372685811656
2023-10-11 00:00:00+00:00,0.6335787200930166
2023-10-12 00:00:00+00:00,0.6537592156233804
2023-10-13 00:00:00+00:00,0.6734007591889336
2023-10-14 00:00:00+00:00,0.6962028202202233
2023-10-15 00:00:00+00:00,0.7028826654027865
2023-10-16 00:00:00+00:00,0.5307060352944497
2023-10-17 00:00:00+00:00,0.5459267273771663
2023-10-18 00:00:00+00:00,0.5622286419053486
2023-10-19 00:00:00+00:00,0.5728109865935401
2023-10-20 00:00:00+00:00,0.5367461568939687
2023-10-21 00:00:00+00:00,0.5544909718825228
2023-10-22 00:00:00+00:00,0.5727826029690476
2023-10-23 00:00:00+00:00,0.33522402538127216
2023-10-24 00:00:00+00:00,0.34407807360967757
2023-10-25 00:00:00+00:00,0.3552536541782371
2023-10-26 00:00:00+00:00,0.35888408509562786
2023-10-27 00:00:00+00:00,0.3653060606979399
2023-10-28 00:00:00+00:00,0.3773229998639026
2023-10-29 00:00:00+00:00,0.38984264487595793
2023-10-30 00:00:00+00:00,0.4004560637767585
2023-10-31 00:00:00+00:00,0.4135981747709048
2023-11-01 00:00:00+00:00,0.4229085392908102
2023-11-02 00:00:00+00:00,0.42164245547897555
2023-11-03 00:00:00+00:00,0.43041359370264226
2023-11-04 00:00:00+00:00,0.44475145130827803
2023-11-05 00:00:00+00:00,0.45753188277158346
2023-11-06 00:00:00+00:00,0.4711757652500066
2023-11-07 00:00:00+00:00,0.4860638856999912
2023-11-08 00:00:00+00:00,0.5025232742598066
2023-11-09 00:00:00+00:00,0.4971989147507914
2023-11-10 00:00:00+00:00,0.5104707574317072
2023-11-11 00:00:00+00:00,0.5188753610019082
2023-11-12 00:00:00+00:00,0.5311543557752975
2023-11-13 00:00:00+00:00,0.5228646962931544
2023-11-14 00:00:00+00:00,0.49037723857058285
2023-11-15 00:00:00+00:00,0.39436048313273087
2023-11-16 00:00:00+00:00,0.35219902070410425
2023-11-17 00:00:00+00:00,0.3630194325969949
2023-11-18 00:00:00+00:00,0.3749026283482572
2023-11-19 00:00:00+00:00,0.38155367970493076
2023-11-20 00:00:00+00:00,0.3943102699613828
2023-11-21 00:00:00+00:00,0.35801377405470447
2023-11-22 00:00:00+00:00,0.34196522157266596
2023-11-23 00:00:00+00:00,0.35246885365365127
2023-11-24 00:00:00+00:00,0.3634918824702358
2023-11-25 00:00:00+00:00,0.37569993077315844
2023-11-26 00:00:00+00:00,0.38511536949887276
2023-11-27 00:00:00+00:00,0.39616722804536475
2023-11-28 00:00:00+00:00,0.4059356013253933
2023-11-29 00:00:00+00:00,0.41946581903736335
2023-11-30 00:00:00+00:00,0.4321362841611418
2023-12-01 00:00:00+00:00,0.43180957352376415
2023-12-02 00:00:00+00:00,0.4390322055638909
2023-12-03 00:00:00+00:00,0.45227286743202333
2023-12-04 00:00:00+00:00,0.41314048080814464
2023-12-05 00:00:00+00:00,0.38913502743809175
2023-12-06 00:00:00+00:00,0.3943983998937151
2023-12-07 00:00:00+00:00,0.0
2023-12-08 00:00:00+00:00,0.0
2023-12-09 00:00:00+00:00,0.0
2023-12-10 00:00:00+00:00,0.0
2023-12-11 00:00:00+00:00,0.0
2023-12-12 00:00:00+00:00,0.0
2023-12-13 00:00:00+00:00,0.0
2023-12-14 00:00:00+00:00,0.0
2023-12-15 00:00:00+00:00,0.0
2023-12-16 00:00:00+00:00,0.0
2023-12-17 00:00:00+00:00,0.0
2023-12-18 00:00:00+00:00,0.0
2023-12-19 00:00:00+00:00,0.0
2023-12-20 00:00:00+00:00,0.0
2023-12-21 00:00:00+00:00,0.0
2023-12-22 00:00:00+00:00,0.0
2023-12-23 00:00:00+00:00,0.0
2023-12-24 00:00:00+00:00,0.0
2023-12-25 00:00:00+00:00,0.0
2023-12-26 00:00:00+00:00,0.0
2023-12-27 00:00:00+00:00,0.0
2023-12-28 00:00:00+00:00,0.0
2023-12-29 00:00:00+00:00,0.0
2023-12-30 00:00:00+00:00,0.0
2023-12-31 00:00:00+00:00,0.0
2024-01-01 00:00:00+00:00,0.0
2024-01-02 00:00:00+00:00,0.0
2024-01-03 00:00:00+00:00,0.0
2024-01-04 00:00:00+00:00,0.0
2024-01-05 00:00:00+00:00,0.0
2024-01-06 00:00:00+00:00,0.0
2024-01-07 00:00:00+00:00,0.0
2024-01-08 00:00:00+00:00,0.0
2024-01-09 00:00:00+00:00,0.0
2024-01-10 00:00:00+00:00,0.0
2024-01-11 00:00:00+00:00,0.0
2024-01-12 00:00:00+00:00,0.0
2024-01-13 00:00:00+00:00,0.0
2024-01-14 00:00:00+00:00,0.0
2024-01-15 00:00:00+00:00,0.0
2024-01-16 00:00:00+00:00,0.0
2024-01-17 00:00:00+00:00,0.0
2024-01-18 00:00:00+00:00,0.0
2024-01-19 00:00:00+00:00,0.0
2024-01-20 00:00:00+00:00,0.0
2024-01-21 00:00:00+00:00,0.0
2024-01-22 00:00:00+00:00,0.0
2024-01-23 00:00:00+00:00,0.0
2024-01-24 00:00:00+00:00,0.0
2024-01-25 00:00:00+00:00,-0.3662439015596398
2024-01-26 00:00:00+00:00,-0.3395250213216108
2024-01-27 00:00:00+00:00,-0.3502724638723615
2024-01-28 00:00:00+00:00,-0.3620797062149965
2024-01-29 00:00:00+00:00,-0.35974322734945247
2024-01-30 00:00:00+00:00,-0.3702005391536536
2024-01-31 00:00:00+00:00,-0.3807647858024956
2024-02-01 00:00:00+00:00,-0.39128847817042955
2024-02-02 00:00:00+00:00,-0.4045489231101819
2024-02-03 00:00:00+00:00,-0.4173326397228492
2024-02-04 00:00:00+00:00,-0.4282785014084509
2024-02-05 00:00:00+00:00,-0.4427655266076543
2024-02-06 00:00:00+00:00,-0.45489036575279046
2024-02-07 00:00:00+00:00,0.0
2024-02-08 00:00:00+00:00,0.0
2024-02-09 00:00:00+00:00,0.0
2024-02-10 00:00:00+00:00,0.0
2024-02-11 00:00:00+00:00,0.45254614688404377
2024-02-12 00:00:00+00:00,0.4442476104740168
2024-02-13 00:00:00+00:00,0.4535090879726819
2024-02-14 00:00:00+00:00,0.4339408812814243
2024-02-15 00:00:00+00:00,0.4466463655518162
2024-02-16 00:00:00+00:00,0.4607971704186145
2024-02-17 00:00:00+00:00,0.46349487086764496
2024-02-18 00:00:00+00:00,0.479190277939175
2024-02-19 00:00:00+00:00,0.4864499757520071
2024-02-20 00:00:00+00:00,0.5026598611750328
2024-02-21 00:00:00+00:00,0.5077168316522582
2024-02-22 00:00:00+00:00,0.511408610232357
2024-02-23 00:00:00+00:00,0.5152570934565248
2024-02-24 00:00:00+00:00,0.5249996405200614
2024-02-25 00:00:00+00:00,0.5426152285131369
2024-02-26 00:00:00+00:00,0.4580746743538048
2024-02-27 00:00:00+00:00,0.4276248278284929
2024-02-28 00:00:00+00:00,0.32229947805096204
2024-02-29 00:00:00+00:00,0.317075504661349
2024-03-01 00:00:00+00:00,0.3272418355940987
2024-03-02 00:00:00+00:00,0.3329241834479205
2024-03-03 00:00:00+00:00,0.3437279441504777
2024-03-04 00:00:00+00:00,0.3021882643624572
2024-03-05 00:00:00+00:00,0.2551462909736001
2024-03-06 00:00:00+00:00,0.2601589359595538
2024-03-07 00:00:00+00:00,0.268977314235358
2024-03-08 00:00:00+00:00,0.2776887926660807
2024-03-09 00:00:00+00:00,0.28619376071472785
2024-03-10 00:00:00+00:00,0.2956562960441604
2024-03-11 00:00:00+00:00,0.2961831865893511
2024-03-12 00:00:00+00:00,0.3008727062556551
2024-03-13 00:00:00+00:00,0.3101824835662312
2024-03-14 00:00:00+00:00,0.30607357912398114
2024-03-15 00:00:00+00:00,0.3004901313715158
2024-03-16 00:00:00+00:00,0.2699625178192591
2024-03-17 00:00:00+00:00,0.26666929109693505
2024-03-18 00:00:00+00:00,0.2730419455207379
2024-03-19 00:00:00+00:00,0.23212219526865127
2024-03-20 00:00:00+00:00,0.2067400584801909
2024-03-21 00:00:00+00:00,0.20798918093347166
2024-03-22 00:00:00+00:00,0.21209751371761454
2024-03-23 00:00:00+00:00,0.21924600998803526
2024-03-24 00:00:00+00:00,0.21815273588425846
2024-03-25 00:00:00+00:00,0.22066894561158437
2024-03-26 00:00:00+00:00,0.2279950096629766
2024-03-27 00:00:00+00:00,0.23485902321389734
2024-03-28 00:00:00+00:00,0.24196431592080067
2024-03-29 00:00:00+00:00,0.24836851228647205
2024-03-30 00:00:00+00:00,0.25636481412215434
2024-03-31 00:00:00+00:00,0.2626008252515333
2024-04-01 00:00:00+00:00,0.2658843017400419
2024-04-02 00:00:00+00:00,0.24729553921875494
2024-04-03 00:00:00+00:00,0.2552460174776192
2024-04-04 00:00:00+00:00,0.25527971924562065
2024-04-05 00:00:00+00:00,0.0
2024-04-06 00:00:00+00:00,0.0
2024-04-07 00:00:00+00:00,0.0
2024-04-08 00:00:00+00:00,0.0
2024-04-09 00:00:00+00:00,0.0
2024-04-10 00:00:00+00:00,0.0
2024-04-11 00:00:00+00:00,0.0
2024-04-12 00:00:00+00:00,0.0
2024-04-13 00:00:00+00:00,0.0
2024-04-14 00:00:00+00:00,0.0
2024-04-15 00:00:00+00:00,0.0
2024-04-16 00:00:00+00:00,0.0
2024-04-17 00:00:00+00:00,0.0
2024-04-18 00:00:00+00:00,0.0
2024-04-19 00:00:00+00:00,0.0
2024-04-20 00:00:00+00:00,0.0
2024-04-21 00:00:00+00:00,0.0
2024-04-22 00:00:00+00:00,0.0
2024-04-23 00:00:00+00:00,0.0
2024-04-24 00:00:00+00:00,0.0
2024-04-25 00:00:00+00:00,0.0
2024-04-26 00:00:00+00:00,0.0
2024-04-27 00:00:00+00:00,0.0
2024-04-28 00:00:00+00:00,0.0
2024-04-29 00:00:00+00:00,0.0
2024-04-30 00:00:00+00:00,0.0
2024-05-01 00:00:00+00:00,0.0
2024-05-02 00:00:00+00:00,0.0
2024-05-03 00:00:00+00:00,0.0
2024-05-04 00:00:00+00:00,0.0
2024-05-05 00:00:00+00:00,0.0
2024-05-06 00:00:00+00:00,0.0
2024-05-07 00:00:00+00:00,0.0
2024-05-08 00:00:00+00:00,0.0
2024-05-09 00:00:00+00:00,0.0
2024-05-10 00:00:00+00:00,0.0
2024-05-11 00:00:00+00:00,0.0
2024-05-12 00:00:00+00:00,0.0
2024-05-13 00:00:00+00:00,0.0
2024-05-14 00:00:00+00:00,0.0
2024-05-15 00:00:00+00:00,0.0
2024-05-16 00:00:00+00:00,0.0
2024-05-17 00:00:00+00:00,0.0
2024-05-18 00:00:00+00:00,0.0
2024-05-19 00:00:00+00:00,0.0
2024-05-20 00:00:00+00:00,0.0
2024-05-21 00:00:00+00:00,0.0
2024-05-22 00:00:00+00:00,0.0
2024-05-23 00:00:00+00:00,0.0
2024-05-24 00:00:00+00:00,0.0
2024-05-25 00:00:00+00:00,0.32444365668162084
2024-05-26 00:00:00+00:00,0.33253411186226806
2024-05-27 00:00:00+00:00,0.34255492936723503
2024-05-28 00:00:00+00:00,0.34827462920724905
2024-05-29 00:00:00+00:00,0.35733318666683606
2024-05-30 00:00:00+00:00,0.36775471494498224
2024-05-31 00:00:00+00:00,0.3758834800247977
2024-06-01 00:00:00+00:00,0.38857490516483717
2024-06-02 00:00:00+00:00,0.40175031456396953
2024-06-03 00:00:00+00:00,0.4105481593719691
2024-06-04 00:00:00+00:00,0.41101638847341493
2024-06-05 00:00:00+00:00,0.42463968282720493
2024-06-06 00:00:00+00:00,0.4368673565843545
2024-06-07 00:00:00+00:00,0.43465919007810444
2024-06-08 00:00:00+00:00,0.4492110362123551
2024-06-09 00:00:00+00:00,0.4641032025071717
2024-06-10 00:00:00+00:00,0.47924897813746264
2024-06-11 00:00:00+00:00,0.45349977272693387
2024-06-12 00:00:00+00:00,0.46211621578463347
2024-06-13 00:00:00+00:00,0.45964836371816226
2024-06-14 00:00:00+00:00,0.47135438299464705
2024-06-15 00:00:00+00:00,0.4865673419667176
2024-06-16 00:00:00+00:00,0.5001608802542181
2024-06-17 00:00:00+00:00,0.5170297070840076
2024-06-18 00:00:00+00:00,0.5152130515170399
2024-06-19 00:00:00+00:00,0.5326673423877852
2024-06-20 00:00:00+00:00,0.0
2024-06-21 00:00:00+00:00,0.0
2024-06-22 00:00:00+00:00,0.0
2024-06-23 00:00:00+00:00,0.0
2024-06-24 00:00:00+00:00,0.0
2024-06-25 00:00:00+00:00,-0.472618565022965
2024-06-26 00:00:00+00:00,-0.4828711556531388
2024-06-27 00:00:00+00:00,-0.4858066751741972
2024-06-28 00:00:00+00:00,-0.4895839592754939
2024-06-29 00:00:00+00:00,-0.49717134869796964
2024-06-30 00:00:00+00:00,-0.46901139677522174
2024-07-01 00:00:00+00:00,-0.4840563788895728
2024-07-02 00:00:00+00:00,-0.49467432907399234
2024-07-03 00:00:00+00:00,-0.47822578224736195
2024-07-04 00:00:00+00:00,-0.4127551935490614
2024-07-05 00:00:00+00:00,-0.4266589071952889
2024-07-06 00:00:00+00:00,-0.40701520488901294
2024-07-07 00:00:00+00:00,-0.3875133415102079
2024-07-08 00:00:00+00:00,-0.38961468955948597
2024-07-09 00:00:00+00:00,-0.3852322937728398
2024-07-10 00:00:00+00:00,-0.3982891880675621
2024-07-11 00:00:00+00:00,-0.4116069503078048
2024-07-12 00:00:00+00:00,-0.42042189046589945
2024-07-13 00:00:00+00:00,-0.4162527642967662
2024-07-14 00:00:00+00:00,-0.4105137318146535
2024-07-15 00:00:00+00:00,-0.3429900875323965
2024-07-16 00:00:00+00:00,-0.35461136177206215
2024-07-17 00:00:00+00:00,-0.3603552443821974
2024-07-18 00:00:00+00:00,-0.37208446798702577
2024-07-19 00:00:00+00:00,-0.3572534743616313
2024-07-20 00:00:00+00:00,-0.3693204971986057
2024-07-21 00:00:00+00:00,0.0
2024-07-22 00:00:00+00:00,0.0
2024-07-23 00:00:00+00:00,0.0
2024-07-24 00:00:00+00:00,0.0
2024-07-25 00:00:00+00:00,0.0
2024-07-26 00:00:00+00:00,0.0
2024-07-27 00:00:00+00:00,0.0
2024-07-28 00:00:00+00:00,0.0
2024-07-29 00:00:00+00:00,0.0
2024-07-30 00:00:00+00:00,0.43242847180988814
2024-07-31 00:00:00+00:00,0.42738446532852137
2024-08-01 00:00:00+00:00,0.4381142217874139
2024-08-02 00:00:00+00:00,0.36144032750446087
2024-08-03 00:00:00+00:00,0.0
2024-08-04 00:00:00+00:00,0.0
2024-08-05 00:00:00+00:00,0.0
2024-08-06 00:00:00+00:00,0.0
2024-08-07 00:00:00+00:00,0.0
2024-08-08 00:00:00+00:00,0.0
2024-08-09 00:00:00+00:00,0.0
2024-08-10 00:00:00+00:00,0.0
2024-08-11 00:00:00+00:00,0.0
2024-08-12 00:00:00+00:00,0.0
2024-08-13 00:00:00+00:00,0.0
2024-08-14 00:00:00+00:00,0.0
2024-08-15 00:00:00+00:00,0.0
2024-08-16 00:00:00+00:00,0.0
2024-08-17 00:00:00+00:00,0.0
2024-08-18 00:00:00+00:00,0.0
2024-08-19 00:00:00+00:00,0.0
2024-08-20 00:00:00+00:00,0.0
2024-08-21 00:00:00+00:00,0.0
2024-08-22 00:00:00+00:00,0.0
2024-08-23 00:00:00+00:00,0.0
2024-08-24 00:00:00+00:00,0.0
2024-08-25 00:00:00+00:00,0.0
2024-08-26 00:00:00+00:00,0.0
2024-08-27 00:00:00+00:00,0.0
2024-08-28 00:00:00+00:00,0.0
2024-08-29 00:00:00+00:00,0.0
2024-08-30 00:00:00+00:00,0.0
2024-08-31 00:00:00+00:00,0.0
2024-09-01 00:00:00+00:00,0.0
2024-09-02 00:00:00+00:00,0.0
2024-09-03 00:00:00+00:00,0.0
2024-09-04 00:00:00+00:00,0.0
2024-09-05 00:00:00+00:00,0.0
2024-09-06 00:00:00+00:00,0.0
2024-09-07 00:00:00+00:00,0.0
2024-09-08 00:00:00+00:00,0.0
2024-09-09 00:00:00+00:00,0.0
2024-09-10 00:00:00+00:00,0.0
2024-09-11 00:00:00+00:00,0.0
2024-09-12 00:00:00+00:00,0.0
2024-09-13 00:00:00+00:00,0.0
2024-09-14 00:00:00+00:00,0.0
2024-09-15 00:00:00+00:00,0.0
2024-09-16 00:00:00+00:00,0.0
2024-09-17 00:00:00+00:00,0.0
2024-09-18 00:00:00+00:00,0.0
2024-09-19 00:00:00+00:00,0.0
2024-09-20 00:00:00+00:00,0.0
2024-09-21 00:00:00+00:00,0.0
2024-09-22 00:00:00+00:00,0.0
2024-09-23 00:00:00+00:00,0.0
2024-09-24 00:00:00+00:00,0.0
2024-09-25 00:00:00+00:00,0.40860348291864557
2024-09-26 00:00:00+00:00,0.4004610505858548
2024-09-27 00:00:00+00:00,0.4132620073104713
2024-09-28 00:00:00+00:00,0.4271214459981889
2024-09-29 00:00:00+00:00,0.4398610986453288
2024-09-30 00:00:00+00:00,0.41154485289656495
2024-10-01 00:00:00+00:00,0.3864181701303892
2024-10-02 00:00:00+00:00,0.39947926964752073
2024-10-03 00:00:00+00:00,0.41263804510313723
2024-10-04 00:00:00+00:00,0.412992924966977
2024-10-05 00:00:00+00:00,0.42699622923637576
2024-10-06 00:00:00+00:00,0.4373334978276786
2024-10-07 00:00:00+00:00,0.44901838603277944
2024-10-08 00:00:00+00:00,0.46415361354441825
2024-10-09 00:00:00+00:00,0.45721558851855243
2024-10-10 00:00:00+00:00,0.472313322118449
2024-10-11 00:00:00+00:00,0.4398393144973745
2024-10-12 00:00:00+00:00,0.4504920049750978
2024-10-13 00:00:00+00:00,0.46423930498676713
2024-10-14 00:00:00+00:00,0.40797840391884077
2024-10-15 00:00:00+00:00,0.4186455608801023
2024-10-16 00:00:00+00:00,0.4324176092755494
2024-10-17 00:00:00+00:00,0.44508601340481146
2024-10-18 00:00:00+00:00,0.4563576394943405
2024-10-19 00:00:00+00:00,0.47057908370009055
2024-10-20 00:00:00+00:00,0.4856697924688216
2024-10-21 00:00:00+00:00,0.46876180882967433
2024-10-22 00:00:00+00:00,0.4842536359952883
2024-10-23 00:00:00+00:00,0.4887630397962734
2024-10-24 00:00:00+00:00,0.4814038020062115
2024-10-25 00:00:00+00:00,0.47115071376738377
2024-10-26 00:00:00+00:00,0.4865148170892904
2024-10-27 00:00:00+00:00,0.49710002731714875
2024-10-28 00:00:00+00:00,0.484523741022444
2024-10-29 00:00:00+00:00,0.4542717086561538
2024-10-30 00:00:00+00:00,0.46465098766257046
2024-10-31 00:00:00+00:00,0.4375967482649134
2024-11-01 00:00:00+00:00,0.4461807764370012
2024-11-02 00:00:00+00:00,0.46030062709524705
2024-11-03 00:00:00+00:00,0.4720057262595433
2024-11-04 00:00:00+00:00,0.47882388502123585
2024-11-05 00:00:00+00:00,0.47585550161168616
2024-11-06 00:00:00+00:00,0.3308357848825687
2024-11-07 00:00:00+00:00,0.3418282201037813
2024-11-08 00:00:00+00:00,0.3533989510893529
2024-11-09 00:00:00+00:00,0.36506785753258375
2024-11-10 00:00:00+00:00,0.35060782315691214
2024-11-11 00:00:00+00:00,0.27747197471644414
2024-11-12 00:00:00+00:00,0.28233850966698826
2024-11-13 00:00:00+00:00,0.2897971933086764
2024-11-14 00:00:00+00:00,0.2768196833819032
2024-11-15 00:00:00+00:00,0.2784523993570394
2024-11-16 00:00:00+00:00,0.28492293887691067
2024-11-17 00:00:00+00:00,0.291036820154474
2024-11-18 00:00:00+00:00,0.3008089452836334
2024-11-19 00:00:00+00:00,0.3101609446018056
2024-11-20 00:00:00+00:00,0.31950814503180996
2024-11-21 00:00:00+00:00,0.31866602213459577
2024-11-22 00:00:00+00:00,0.32847224419054755
2024-11-23 00:00:00+00:00,0.3308608123223546
2024-11-24 00:00:00+00:00,0.3408772057674693
2024-11-25 00:00:00+00:00,0.30451488404902777
2024-11-26 00:00:00+00:00,0.3109149931042934
2024-11-27 00:00:00+00:00,0.3070282298188685
2024-11-28 00:00:00+00:00,0.3159873855047488
2024-11-29 00:00:00+00:00,0.32516197989924767
2024-11-30 00:00:00+00:00,0.3316702510271186
2024-12-01 00:00:00+00:00,0.0
2024-12-02 00:00:00+00:00,0.0
2024-12-03 00:00:00+00:00,0.0
2024-12-04 00:00:00+00:00,0.0
2024-12-05 00:00:00+00:00,0.0
2024-12-06 00:00:00+00:00,0.0
2024-12-07 00:00:00+00:00,0.0
2024-12-08 00:00:00+00:00,0.0
2024-12-09 00:00:00+00:00,0.0
2024-12-10 00:00:00+00:00,0.0
2024-12-11 00:00:00+00:00,0.0
2024-12-12 00:00:00+00:00,0.0
2024-12-13 00:00:00+00:00,0.0
2024-12-14 00:00:00+00:00,0.0
2024-12-15 00:00:00+00:00,0.0
2024-12-16 00:00:00+00:00,0.0
2024-12-17 00:00:00+00:00,0.0
2024-12-18 00:00:00+00:00,0.0
2024-12-19 00:00:00+00:00,0.0
2024-12-20 00:00:00+00:00,0.0
2024-12-21 00:00:00+00:00,0.0
2024-12-22 00:00:00+00:00,0.0
2024-12-23 00:00:00+00:00,0.0
2024-12-24 00:00:00+00:00,0.0
2024-12-25 00:00:00+00:00,0.0
2024-12-26 00:00:00+00:00,0.0
2024-12-27 00:00:00+00:00,0.0
2024-12-28 00:00:00+00:00,0.0
2024-12-29 00:00:00+00:00,0.0
2024-12-30 00:00:00+00:00,0.0
2024-12-31 00:00:00+00:00,0.0
2025-01-01 00:00:00+00:00,0.0
2025-01-02 00:00:00+00:00,0.0
2025-01-03 00:00:00+00:00,0.0
2025-01-04 00:00:00+00:00,0.0
2025-01-05 00:00:00+00:00,0.0
2025-01-06 00:00:00+00:00,0.0
2025-01-07 00:00:00+00:00,0.0
2025-01-08 00:00:00+00:00,0.0
2025-01-09 00:00:00+00:00,0.0
2025-01-10 00:00:00+00:00,0.0
2025-01-11 00:00:00+00:00,0.0
2025-01-12 00:00:00+00:00,0.0
2025-01-13 00:00:00+00:00,0.0
2025-01-14 00:00:00+00:00,0.0
2025-01-15 00:00:00+00:00,0.0
2025-01-16 00:00:00+00:00,0.0
2025-01-17 00:00:00+00:00,0.0
2025-01-18 00:00:00+00:00,0.0
2025-01-19 00:00:00+00:00,0.0
2025-01-20 00:00:00+00:00,0.0
2025-01-21 00:00:00+00:00,0.3719705319054358
2025-01-22 00:00:00+00:00,0.3696317243658395
2025-01-23 00:00:00+00:00,0.38219005455796123
2025-01-24 00:00:00+00:00,0.39451120452780675
2025-01-25 00:00:00+00:00,0.40752173243836415
2025-01-26 00:00:00+00:00,0.40883028829249196
2025-01-27 00:00:00+00:00,0.4213657161385993
2025-01-28 00:00:00+00:00,0.43368766853495555
2025-01-29 00:00:00+00:00,0.4328825470544992
2025-01-30 00:00:00+00:00,0.4455344305381205
2025-01-31 00:00:00+00:00,0.4409105776617142
2025-02-01 00:00:00+00:00,0.4455438054404452
2025-02-02 00:00:00+00:00,0.43352297646667953
2025-02-03 00:00:00+00:00,0.40562500394111956
2025-02-04 00:00:00+00:00,0.38993299260113934
2025-02-05 00:00:00+00:00,0.4004902032875952
2025-02-06 00:00:00+00:00,0.41391392415867245
2025-02-07 00:00:00+00:00,0.4278494002325842
2025-02-08 00:00:00+00:00,0.44223948892866294
2025-02-09 00:00:00+00:00,0.0
2025-02-10 00:00:00+00:00,0.0
2025-02-11 00:00:00+00:00,0.0
2025-02-12 00:00:00+00:00,0.0
2025-02-13 00:00:00+00:00,0.0
2025-02-14 00:00:00+00:00,0.0
2025-02-15 00:00:00+00:00,0.0
2025-02-16 00:00:00+00:00,-0.5125303177388663
2025-02-17 00:00:00+00:00,-0.529598429200551
2025-02-18 00:00:00+00:00,-0.5475397198353372
2025-02-19 00:00:00+00:00,-0.5551519810984208
2025-02-20 00:00:00+00:00,-0.5526259371391209
2025-02-21 00:00:00+00:00,-0.5401119994079658
2025-02-22 00:00:00+00:00,-0.5562171116449877
2025-02-23 00:00:00+00:00,-0.5747586586126103
2025-02-24 00:00:00+00:00,-0.4649422630059573
2025-02-25 00:00:00+00:00,-0.4574397089714617
2025-02-26 00:00:00+00:00,-0.41277491324461996
2025-02-27 00:00:00+00:00,-0.4221697656341744
2025-02-28 00:00:00+00:00,-0.4359901762690476
2025-03-01 00:00:00+00:00,-0.428722099375762
2025-03-02 00:00:00+00:00,-0.29233671578578807
2025-03-03 00:00:00+00:00,-0.24436454133228291
2025-03-04 00:00:00+00:00,-0.25064495816880095
2025-03-05 00:00:00+00:00,-0.24873513473444542
2025-03-06 00:00:00+00:00,-0.25697753480843366
2025-03-07 00:00:00+00:00,-0.25824557993931774
2025-03-08 00:00:00+00:00,-0.26695835350212666
2025-03-09 00:00:00+00:00,-0.2513028797402269
2025-03-10 00:00:00+00:00,-0.25794726596140294
2025-03-11 00:00:00+00:00,-0.24357790433251522
2025-03-12 00:00:00+00:00,-0.25045470140747544
2025-03-13 00:00:00+00:00,-0.2543851720135546
2025-03-14 00:00:00+00:00,-0.25273220110372946
2025-03-15 00:00:00+00:00,-0.26090183440745024
2025-03-16 00:00:00+00:00,-0.2675342477850102
2025-03-17 00:00:00+00:00,-0.27303742241004764
2025-03-18 00:00:00+00:00,-0.2808763884402475
2025-03-19 00:00:00+00:00,-0.2693720965394703
2025-03-20 00:00:00+00:00,-0.2714547227408009
2025-03-21 00:00:00+00:00,-0.28065408186797763
2025-03-22 00:00:00+00:00,-0.29016982320443846
2025-03-23 00:00:00+00:00,-0.2926669292716592
2025-03-24 00:00:00+00:00,-0.2998082046865004
2025-03-25 00:00:00+00:00,-0.3099638055306059
2025-03-26 00:00:00+00:00,-0.31988486366605157
2025-03-27 00:00:00+00:00,-0.33061635204530654
2025-03-28 00:00:00+00:00,-0.32733648537549703
2025-03-29 00:00:00+00:00,-0.3335300544555137
2025-03-30 00:00:00+00:00,-0.3448390248559282
2025-03-31 00:00:00+00:00,0.0
2025-04-01 00:00:00+00:00,0.0
2025-04-02 00:00:00+00:00,0.0
2025-04-03 00:00:00+00:00,0.0
2025-04-04 00:00:00+00:00,0.0
2025-04-05 00:00:00+00:00,0.0
2025-04-06 00:00:00+00:00,0.0
2025-04-07 00:00:00+00:00,0.0
2025-04-08 00:00:00+00:00,0.0
2025-04-09 00:00:00+00:00,0.0
2025-04-10 00:00:00+00:00,0.0
2025-04-11 00:00:00+00:00,0.0
2025-04-12 00:00:00+00:00,0.0
2025-04-13 00:00:00+00:00,0.0
2025-04-14 00:00:00+00:00,0.0
2025-04-15 00:00:00+00:00,0.0
2025-04-16 00:00:00+00:00,0.0
2025-04-17 00:00:00+00:00,0.0
2025-04-18 00:00:00+00:00,0.0
2025-04-19 00:00:00+00:00,0.0
2025-04-20 00:00:00+00:00,0.0
2025-04-21 00:00:00+00:00,0.0
2025-04-22 00:00:00+00:00,0.0
2025-04-23 00:00:00+00:00,0.0
2025-04-24 00:00:00+00:00,0.0
2025-04-25 00:00:00+00:00,0.0
2025-04-26 00:00:00+00:00,0.0
2025-04-27 00:00:00+00:00,0.0
2025-04-28 00:00:00+00:00,0.0
2025-04-29 00:00:00+00:00,0.0
2025-04-30 00:00:00+00:00,0.0
2025-05-01 00:00:00+00:00,0.0
2025-05-02 00:00:00+00:00,0.0
2025-05-03 00:00:00+00:00,0.0
2025-05-04 00:00:00+00:00,0.0
2025-05-05 00:00:00+00:00,0.0
2025-05-06 00:00:00+00:00,0.0
2025-05-07 00:00:00+00:00,0.0
2025-05-08 00:00:00+00:00,0.0
2025-05-09 00:00:00+00:00,0.0
2025-05-10 00:00:00+00:00,0.0
2025-05-11 00:00:00+00:00,0.0
2025-05-12 00:00:00+00:00,0.0
2025-05-13 00:00:00+00:00,0.0
2025-05-14 00:00:00+00:00,0.0
2025-05-15 00:00:00+00:00,0.0
2025-05-16 00:00:00+00:00,0.0
2025-05-17 00:00:00+00:00,0.0
2025-05-18 00:00:00+00:00,0.0
2025-05-19 00:00:00+00:00,0.4758310320157976
2025-05-20 00:00:00+00:00,0.4910519729019428
2025-05-21 00:00:00+00:00,0.4903167956092118
2025-05-22 00:00:00+00:00,0.5024072230364971
2025-05-23 00:00:00+00:00,0.4318215322436486
2025-05-24 00:00:00+00:00,0.44647212174385226
2025-05-25 00:00:00+00:00,0.46037190556370394
2025-05-26 00:00:00+00:00,0.47583957259177706
2025-05-27 00:00:00+00:00,0.48808620607745434
2025-05-28 00:00:00+00:00,0.4934793997416512
2025-05-29 00:00:00+00:00,0.48493107571037297
2025-05-30 00:00:00+00:00,0.4875230311627496
2025-05-31 00:00:00+00:00,0.5030095488322277
2025-06-01 00:00:00+00:00,0.5169067512938988
2025-06-02 00:00:00+00:00,0.5344434852842822
2025-06-03 00:00:00+00:00,0.5502063189517549
2025-06-04 00:00:00+00:00,0.5644227061272085
2025-06-05 00:00:00+00:00,0.5240279861758366
2025-06-06 00:00:00+00:00,0.5022863108136226
2025-06-07 00:00:00+00:00,0.513762623518174
2025-06-08 00:00:00+00:00,0.5311873792463613
2025-06-09 00:00:00+00:00,0.47477705296120815
2025-06-10 00:00:00+00:00,0.4900277380194253
2025-06-11 00:00:00+00:00,0.49212903779224443
2025-06-12 00:00:00+00:00,0.47522083688287603
2025-06-13 00:00:00+00:00,0.4913204254216081
2025-06-14 00:00:00+00:00,0.5058819552082848
2025-06-15 00:00:00+00:00,0.5230338976748945
2025-06-16 00:00:00+00:00,0.5339613074760693
2025-06-17 00:00:00+00:00,0.5255859441211718
2025-06-18 00:00:00+00:00,0.5429465918874424
2025-06-19 00:00:00+00:00,0.5611328871338424
2025-06-20 00:00:00+00:00,0.5687808581159168
2025-06-21 00:00:00+00:00,0.5820425501102939
2025-06-22 00:00:00+00:00,0.0
2025-06-23 00:00:00+00:00,0.0
2025-06-24 00:00:00+00:00,0.0
2025-06-25 00:00:00+00:00,0.0
2025-06-26 00:00:00+00:00,0.0
2025-06-27 00:00:00+00:00,0.0
2025-06-28 00:00:00+00:00,0.0
2025-06-29 00:00:00+00:00,-0.5822881581544855
2025-06-30 00:00:00+00:00,-0.5884853578468349
2025-07-01 00:00:00+00:00,0.0
2025-07-02 00:00:00+00:00,0.0
2025-07-03 00:00:00+00:00,0.0
2025-07-04 00:00:00+00:00,0.0
2025-07-05 00:00:00+00:00,0.0
2025-07-06 00:00:00+00:00,0.0
2025-07-07 00:00:00+00:00,0.0
2025-07-08 00:00:00+00:00,0.6340864829306968
2025-07-09 00:00:00+00:00,0.6189798884010583
2025-07-10 00:00:00+00:00,0.5371671721023017
2025-07-11 00:00:00+00:00,0.551691003355186
2025-07-12 00:00:00+00:00,0.5677427217916539
2025-07-13 00:00:00+00:00,0.5814677293726632
2025-07-14 00:00:00+00:00,0.6011791207648113
2025-07-15 00:00:00+00:00,0.5803136443722351
2025-07-16 00:00:00+00:00,0.5989400470965116
2025-07-17 00:00:00+00:00,0.6192488656260632
2025-07-18 00:00:00+00:00,0.6193319988104165
2025-07-19 00:00:00+00:00,0.6387402675147655
2025-07-20 00:00:00+00:00,0.6527336960425477
2025-07-21 00:00:00+00:00,0.674585753328987
2025-07-22 00:00:00+00:00,0.6588384515861967
2025-07-23 00:00:00+00:00,0.659642510993952
2025-07-24 00:00:00+00:00,0.6777164301789372
2025-07-25 00:00:00+00:00,0.6915872204005291
2025-07-26 00:00:00+00:00,0.7149871831661906
2025-07-27 00:00:00+00:00,0.7238846611233181
2025-07-28 00:00:00+00:00,0.7151957707873603
