Date,equity
2019-01-02 00:00:00+00:00,
2019-01-03 00:00:00+00:00,1.0
2019-01-04 00:00:00+00:00,1.0
2019-01-05 00:00:00+00:00,1.0
2019-01-06 00:00:00+00:00,1.0
2019-01-07 00:00:00+00:00,1.0
2019-01-08 00:00:00+00:00,1.0
2019-01-09 00:00:00+00:00,1.0
2019-01-10 00:00:00+00:00,1.0
2019-01-11 00:00:00+00:00,1.0
2019-01-12 00:00:00+00:00,1.0
2019-01-13 00:00:00+00:00,1.0
2019-01-14 00:00:00+00:00,1.0
2019-01-15 00:00:00+00:00,1.0
2019-01-16 00:00:00+00:00,1.0
2019-01-17 00:00:00+00:00,1.0
2019-01-18 00:00:00+00:00,1.0
2019-01-19 00:00:00+00:00,1.0
2019-01-20 00:00:00+00:00,1.0
2019-01-21 00:00:00+00:00,1.0
2019-01-22 00:00:00+00:00,1.0
2019-01-23 00:00:00+00:00,1.0
2019-01-24 00:00:00+00:00,1.0
2019-01-25 00:00:00+00:00,1.0
2019-01-26 00:00:00+00:00,1.0
2019-01-27 00:00:00+00:00,1.0
2019-01-28 00:00:00+00:00,1.0
2019-01-29 00:00:00+00:00,1.0
2019-01-30 00:00:00+00:00,1.0
2019-01-31 00:00:00+00:00,1.0
2019-02-01 00:00:00+00:00,1.0
2019-02-02 00:00:00+00:00,1.0
2019-02-03 00:00:00+00:00,1.0
2019-02-04 00:00:00+00:00,1.0
2019-02-05 00:00:00+00:00,1.0
2019-02-06 00:00:00+00:00,1.0
2019-02-07 00:00:00+00:00,1.0
2019-02-08 00:00:00+00:00,1.0
2019-02-09 00:00:00+00:00,1.0
2019-02-10 00:00:00+00:00,1.0
2019-02-11 00:00:00+00:00,1.0
2019-02-12 00:00:00+00:00,1.0
2019-02-13 00:00:00+00:00,1.0
2019-02-14 00:00:00+00:00,1.0
2019-02-15 00:00:00+00:00,1.0
2019-02-16 00:00:00+00:00,1.0
2019-02-17 00:00:00+00:00,1.0
2019-02-18 00:00:00+00:00,1.0
2019-02-19 00:00:00+00:00,1.0
2019-02-20 00:00:00+00:00,1.0
2019-02-21 00:00:00+00:00,1.0
2019-02-22 00:00:00+00:00,0.9993766318154859
2019-02-23 00:00:00+00:00,1.0134347293377035
2019-02-24 00:00:00+00:00,0.9793159932333787
2019-02-25 00:00:00+00:00,0.9848022694403848
2019-02-26 00:00:00+00:00,0.9825932336531609
2019-02-27 00:00:00+00:00,0.9823124292645308
2019-02-28 00:00:00+00:00,0.9826056841057371
2019-03-01 00:00:00+00:00,0.9829993535366247
2019-03-02 00:00:00+00:00,0.9834089364128034
2019-03-03 00:00:00+00:00,0.9818149929061384
2019-03-04 00:00:00+00:00,0.9736572396740072
2019-03-05 00:00:00+00:00,0.986514525226847
2019-03-06 00:00:00+00:00,0.9871894149192229
2019-03-07 00:00:00+00:00,0.9878838447237784
2019-03-08 00:00:00+00:00,0.986852514761291
2019-03-09 00:00:00+00:00,0.9930965656748361
2019-03-10 00:00:00+00:00,0.9918782033111365
2019-03-11 00:00:00+00:00,0.9869452622548995
2019-03-12 00:00:00+00:00,0.9873507007656722
2019-03-13 00:00:00+00:00,0.9870544431734972
2019-03-14 00:00:00+00:00,0.9890801639380543
2019-03-15 00:00:00+00:00,0.9934233206540347
2019-03-16 00:00:00+00:00,1.0041153806287741
2019-03-17 00:00:00+00:00,1.0012519360407828
2019-03-18 00:00:00+00:00,1.00213196887444
2019-03-19 00:00:00+00:00,1.0070714978584612
2019-03-20 00:00:00+00:00,1.009186062866508
2019-03-21 00:00:00+00:00,1.0012621833955486
2019-03-22 00:00:00+00:00,1.000501706360705
2019-03-23 00:00:00+00:00,1.0021484314586058
2019-03-24 00:00:00+00:00,1.0001266082525448
2019-03-25 00:00:00+00:00,0.9911984244453028
2019-03-26 00:00:00+00:00,0.9944983750713907
2019-03-27 00:00:00+00:00,1.0102401369361234
2019-03-28 00:00:00+00:00,1.0075752939473004
2019-03-29 00:00:00+00:00,1.0119675883973405
2019-03-30 00:00:00+00:00,1.013221405747097
2019-03-31 00:00:00+00:00,1.0129873685430393
2019-04-01 00:00:00+00:00,1.0217014939484361
2019-04-02 00:00:00+00:00,1.1386079252995682
2019-04-03 00:00:00+00:00,1.1435016408038943
2019-04-04 00:00:00+00:00,1.1407685342599045
2019-04-05 00:00:00+00:00,1.1470408323595838
2019-04-06 00:00:00+00:00,1.1483300131061935
2019-04-07 00:00:00+00:00,1.1563093581319215
2019-04-08 00:00:00+00:00,1.1615750396730193
2019-04-09 00:00:00+00:00,1.1564795825527543
2019-04-10 00:00:00+00:00,1.163699260061759
2019-04-11 00:00:00+00:00,1.1473043104855905
2019-04-12 00:00:00+00:00,1.1487819986246093
2019-04-13 00:00:00+00:00,1.1491997544647274
2019-04-14 00:00:00+00:00,1.1536740298128967
2019-04-15 00:00:00+00:00,1.1470978952730135
2019-04-16 00:00:00+00:00,1.1581539384065744
2019-04-17 00:00:00+00:00,1.1592106019470796
2019-04-18 00:00:00+00:00,1.1623255838165567
2019-04-19 00:00:00+00:00,1.1626849091519398
2019-04-20 00:00:00+00:00,1.165103843469885
2019-04-21 00:00:00+00:00,1.1633605705137517
2019-04-22 00:00:00+00:00,1.1697667438562434
2019-04-23 00:00:00+00:00,1.1830483901611328
2019-04-24 00:00:00+00:00,1.1747803153116942
2019-04-25 00:00:00+00:00,1.1548093104481831
2019-04-26 00:00:00+00:00,1.1597625944842105
2019-04-27 00:00:00+00:00,1.158924424740386
2019-04-28 00:00:00+00:00,1.1601920792910565
2019-04-29 00:00:00+00:00,1.1571836556911639
2019-04-30 00:00:00+00:00,1.16555194985302
2019-05-01 00:00:00+00:00,1.169786825630001
2019-05-02 00:00:00+00:00,
2019-05-03 00:00:00+00:00,1.0
2019-05-04 00:00:00+00:00,1.0
2019-05-05 00:00:00+00:00,1.0
2019-05-06 00:00:00+00:00,1.0
2019-05-07 00:00:00+00:00,1.0
2019-05-08 00:00:00+00:00,1.0
2019-05-09 00:00:00+00:00,1.0
2019-05-10 00:00:00+00:00,1.0
2019-05-11 00:00:00+00:00,1.0
2019-05-12 00:00:00+00:00,1.0
2019-05-13 00:00:00+00:00,1.0
2019-05-14 00:00:00+00:00,1.0
2019-05-15 00:00:00+00:00,1.0
2019-05-16 00:00:00+00:00,1.0
2019-05-17 00:00:00+00:00,1.0
2019-05-18 00:00:00+00:00,1.0
2019-05-19 00:00:00+00:00,1.0
2019-05-20 00:00:00+00:00,1.0
2019-05-21 00:00:00+00:00,1.0
2019-05-22 00:00:00+00:00,1.0
2019-05-23 00:00:00+00:00,1.0
2019-05-24 00:00:00+00:00,1.0
2019-05-25 00:00:00+00:00,1.0
2019-05-26 00:00:00+00:00,1.0
2019-05-27 00:00:00+00:00,1.0
2019-05-28 00:00:00+00:00,1.0
2019-05-29 00:00:00+00:00,1.0
2019-05-30 00:00:00+00:00,1.0
2019-05-31 00:00:00+00:00,1.0
2019-06-01 00:00:00+00:00,1.0
2019-06-02 00:00:00+00:00,1.0
2019-06-03 00:00:00+00:00,1.0
2019-06-04 00:00:00+00:00,1.0
2019-06-05 00:00:00+00:00,1.0
2019-06-06 00:00:00+00:00,1.0
2019-06-07 00:00:00+00:00,1.0
2019-06-08 00:00:00+00:00,1.0
2019-06-09 00:00:00+00:00,1.0
2019-06-10 00:00:00+00:00,1.0
2019-06-11 00:00:00+00:00,1.0
2019-06-12 00:00:00+00:00,1.0
2019-06-13 00:00:00+00:00,1.0
2019-06-14 00:00:00+00:00,1.0
2019-06-15 00:00:00+00:00,1.0
2019-06-16 00:00:00+00:00,1.0
2019-06-17 00:00:00+00:00,1.0
2019-06-18 00:00:00+00:00,1.0
2019-06-19 00:00:00+00:00,1.0
2019-06-20 00:00:00+00:00,0.9995754043690884
2019-06-21 00:00:00+00:00,1.0174874563117764
2019-06-22 00:00:00+00:00,1.0323958102794366
2019-06-23 00:00:00+00:00,1.036369983355394
2019-06-24 00:00:00+00:00,1.0404901365699692
2019-06-25 00:00:00+00:00,1.0612488622267435
2019-06-26 00:00:00+00:00,1.0906391966570947
2019-06-27 00:00:00+00:00,1.0505356606007066
2019-06-28 00:00:00+00:00,1.0685199181661094
2019-06-29 00:00:00+00:00,1.0623757398276399
2019-06-30 00:00:00+00:00,1.0456869762083933
2019-07-01 00:00:00+00:00,1.0423563287816044
2019-07-02 00:00:00+00:00,1.0455376069725268
2019-07-03 00:00:00+00:00,1.0621054295883339
2019-07-04 00:00:00+00:00,1.0520182217790113
2019-07-05 00:00:00+00:00,1.0487352621588613
2019-07-06 00:00:00+00:00,1.0519949161591013
2019-07-07 00:00:00+00:00,1.0554755279709638
2019-07-08 00:00:00+00:00,1.0674129247412012
2019-07-09 00:00:00+00:00,1.0713536357835987
2019-07-10 00:00:00+00:00,1.0654122017982854
2019-07-11 00:00:00+00:00,1.0534241107249809
2019-07-12 00:00:00+00:00,1.0601892110387912
2019-07-13 00:00:00+00:00,1.0537838171928668
2019-07-14 00:00:00+00:00,1.0352996331725304
2019-07-15 00:00:00+00:00,1.0450654125293912
2019-07-16 00:00:00+00:00,1.022684427335821
2019-07-17 00:00:00+00:00,1.0258592598489809
2019-07-18 00:00:00+00:00,1.0398210953088485
2019-07-19 00:00:00+00:00,1.0380020994669181
2019-07-20 00:00:00+00:00,1.0412409081520384
2019-07-21 00:00:00+00:00,1.0388640944610292
2019-07-22 00:00:00+00:00,1.0350691415672437
2019-07-23 00:00:00+00:00,1.0281345378387912
2019-07-24 00:00:00+00:00,1.026677577933691
2019-07-25 00:00:00+00:00,1.0281117047265549
2019-07-26 00:00:00+00:00,1.0281117047265549
2019-07-27 00:00:00+00:00,1.0281117047265549
2019-07-28 00:00:00+00:00,1.0281117047265549
2019-07-29 00:00:00+00:00,1.0278227485677127
2019-07-30 00:00:00+00:00,1.0260372904080641
2019-07-31 00:00:00+00:00,1.0164498240211823
2019-08-01 00:00:00+00:00,1.010461406516226
2019-08-02 00:00:00+00:00,1.0082055405609802
2019-08-03 00:00:00+00:00,1.0023985480544388
2019-08-04 00:00:00+00:00,0.9995591401389076
2019-08-05 00:00:00+00:00,0.9839576348079506
2019-08-06 00:00:00+00:00,0.9896530732836704
2019-08-07 00:00:00+00:00,0.981534309939239
2019-08-08 00:00:00+00:00,0.980799967282118
2019-08-09 00:00:00+00:00,0.980799967282118
2019-08-10 00:00:00+00:00,0.980799967282118
2019-08-11 00:00:00+00:00,0.980799967282118
2019-08-12 00:00:00+00:00,0.980799967282118
2019-08-13 00:00:00+00:00,0.980799967282118
2019-08-14 00:00:00+00:00,0.980799967282118
2019-08-15 00:00:00+00:00,0.980799967282118
2019-08-16 00:00:00+00:00,0.980799967282118
2019-08-17 00:00:00+00:00,0.980459268757734
2019-08-18 00:00:00+00:00,0.98297001706237
2019-08-19 00:00:00+00:00,0.9952740441594878
2019-08-20 00:00:00+00:00,0.9952740441594878
2019-08-21 00:00:00+00:00,0.9952740441594878
2019-08-22 00:00:00+00:00,0.9952740441594878
2019-08-23 00:00:00+00:00,0.9952740441594878
2019-08-24 00:00:00+00:00,0.9952740441594878
2019-08-25 00:00:00+00:00,0.9952740441594878
2019-08-26 00:00:00+00:00,0.9952740441594878
2019-08-27 00:00:00+00:00,0.9952740441594878
2019-08-28 00:00:00+00:00,0.9952740441594878
2019-08-29 00:00:00+00:00,0.9952740441594878
2019-08-30 00:00:00+00:00,
2019-08-31 00:00:00+00:00,1.0
2019-09-01 00:00:00+00:00,1.0
2019-09-02 00:00:00+00:00,1.0
2019-09-03 00:00:00+00:00,1.0
2019-09-04 00:00:00+00:00,1.0
2019-09-05 00:00:00+00:00,1.0
2019-09-06 00:00:00+00:00,1.0
2019-09-07 00:00:00+00:00,1.0
2019-09-08 00:00:00+00:00,1.0
2019-09-09 00:00:00+00:00,1.0
2019-09-10 00:00:00+00:00,1.0
2019-09-11 00:00:00+00:00,1.0
2019-09-12 00:00:00+00:00,1.0
2019-09-13 00:00:00+00:00,1.0
2019-09-14 00:00:00+00:00,1.0
2019-09-15 00:00:00+00:00,1.0
2019-09-16 00:00:00+00:00,1.0
2019-09-17 00:00:00+00:00,1.0
2019-09-18 00:00:00+00:00,1.0
2019-09-19 00:00:00+00:00,1.0
2019-09-20 00:00:00+00:00,1.0
2019-09-21 00:00:00+00:00,1.0
2019-09-22 00:00:00+00:00,1.0
2019-09-23 00:00:00+00:00,1.0
2019-09-24 00:00:00+00:00,1.0
2019-09-25 00:00:00+00:00,1.0
2019-09-26 00:00:00+00:00,1.0
2019-09-27 00:00:00+00:00,1.0
2019-09-28 00:00:00+00:00,1.0
2019-09-29 00:00:00+00:00,1.0
2019-09-30 00:00:00+00:00,1.0
2019-10-01 00:00:00+00:00,1.0
2019-10-02 00:00:00+00:00,1.0
2019-10-03 00:00:00+00:00,1.0
2019-10-04 00:00:00+00:00,1.0
2019-10-05 00:00:00+00:00,1.0
2019-10-06 00:00:00+00:00,1.0
2019-10-07 00:00:00+00:00,1.0
2019-10-08 00:00:00+00:00,1.0
2019-10-09 00:00:00+00:00,1.0
2019-10-10 00:00:00+00:00,1.0
2019-10-11 00:00:00+00:00,1.0
2019-10-12 00:00:00+00:00,1.0
2019-10-13 00:00:00+00:00,1.0
2019-10-14 00:00:00+00:00,1.0
2019-10-15 00:00:00+00:00,1.0
2019-10-16 00:00:00+00:00,1.0
2019-10-17 00:00:00+00:00,1.0
2019-10-18 00:00:00+00:00,0.9993698445293548
2019-10-19 00:00:00+00:00,0.9985427908237575
2019-10-20 00:00:00+00:00,0.9861317015142254
2019-10-21 00:00:00+00:00,0.9850316493479568
2019-10-22 00:00:00+00:00,0.993661025688684
2019-10-23 00:00:00+00:00,1.0252760823569929
2019-10-24 00:00:00+00:00,1.026263796855197
2019-10-25 00:00:00+00:00,0.9741252358275732
2019-10-26 00:00:00+00:00,0.9610717651857971
2019-10-27 00:00:00+00:00,0.9547717005770073
2019-10-28 00:00:00+00:00,0.9609713475505959
2019-10-29 00:00:00+00:00,0.957301176901991
2019-10-30 00:00:00+00:00,0.9621970899468743
2019-10-31 00:00:00+00:00,0.9623266889714416
2019-11-01 00:00:00+00:00,0.9605565286063178
2019-11-02 00:00:00+00:00,0.9605565286063178
2019-11-03 00:00:00+00:00,0.9605565286063178
2019-11-04 00:00:00+00:00,0.9605565286063178
2019-11-05 00:00:00+00:00,0.9601778905828919
2019-11-06 00:00:00+00:00,0.9606604901037441
2019-11-07 00:00:00+00:00,0.9580375040690131
2019-11-08 00:00:00+00:00,0.9444041470042099
2019-11-09 00:00:00+00:00,0.9446405169106085
2019-11-10 00:00:00+00:00,0.9517260722802625
2019-11-11 00:00:00+00:00,0.9428749067952193
2019-11-12 00:00:00+00:00,0.9445984163298052
2019-11-13 00:00:00+00:00,0.9443559162383167
2019-11-14 00:00:00+00:00,0.9411293021065114
2019-11-15 00:00:00+00:00,0.9338912190782687
2019-11-16 00:00:00+00:00,0.9358843908696767
2019-11-17 00:00:00+00:00,0.9368237394944963
2019-11-18 00:00:00+00:00,0.9270009662466419
2019-11-19 00:00:00+00:00,0.9231690105142598
2019-11-20 00:00:00+00:00,0.915797981247399
2019-11-21 00:00:00+00:00,0.915797981247399
2019-11-22 00:00:00+00:00,0.915797981247399
2019-11-23 00:00:00+00:00,0.915797981247399
2019-11-24 00:00:00+00:00,0.9153591862810485
2019-11-25 00:00:00+00:00,0.9113166694969386
2019-11-26 00:00:00+00:00,0.9083582352767015
2019-11-27 00:00:00+00:00,0.8957513718166501
2019-11-28 00:00:00+00:00,0.8982667935063288
2019-11-29 00:00:00+00:00,0.887108620402955
2019-11-30 00:00:00+00:00,0.8939333386534304
2019-12-01 00:00:00+00:00,0.8993445000877599
2019-12-02 00:00:00+00:00,0.9033308667352234
2019-12-03 00:00:00+00:00,0.9033912547309861
2019-12-04 00:00:00+00:00,0.9062557486240393
2019-12-05 00:00:00+00:00,0.8977760568452231
2019-12-06 00:00:00+00:00,0.893671707582636
2019-12-07 00:00:00+00:00,0.8932681891620561
2019-12-08 00:00:00+00:00,0.8929009218309264
2019-12-09 00:00:00+00:00,0.9003097101782694
2019-12-10 00:00:00+00:00,0.9060913781721578
2019-12-11 00:00:00+00:00,0.9090576117558717
2019-12-12 00:00:00+00:00,0.9077314222729498
2019-12-13 00:00:00+00:00,0.9063284057966975
2019-12-14 00:00:00+00:00,0.9142094508816246
2019-12-15 00:00:00+00:00,0.9126494626969762
2019-12-16 00:00:00+00:00,0.9255180971758641
2019-12-17 00:00:00+00:00,0.9431811125271266
2019-12-18 00:00:00+00:00,0.9078385788222891
2019-12-19 00:00:00+00:00,0.91046716267813
2019-12-20 00:00:00+00:00,0.9098624532241621
2019-12-21 00:00:00+00:00,0.9109077007521583
2019-12-22 00:00:00+00:00,0.8985337326866003
2019-12-23 00:00:00+00:00,0.9042319307521098
2019-12-24 00:00:00+00:00,0.9054706276108084
2019-12-25 00:00:00+00:00,0.9073227720889492
2019-12-26 00:00:00+00:00,0.9087911840316558
2019-12-27 00:00:00+00:00,0.9066149750484428
2019-12-28 00:00:00+00:00,
2019-12-29 00:00:00+00:00,1.0
2019-12-30 00:00:00+00:00,1.0
2019-12-31 00:00:00+00:00,1.0
2020-01-01 00:00:00+00:00,1.0
2020-01-02 00:00:00+00:00,1.0
2020-01-03 00:00:00+00:00,1.0
2020-01-04 00:00:00+00:00,1.0
2020-01-05 00:00:00+00:00,1.0
2020-01-06 00:00:00+00:00,1.0
2020-01-07 00:00:00+00:00,1.0
2020-01-08 00:00:00+00:00,1.0
2020-01-09 00:00:00+00:00,1.0
2020-01-10 00:00:00+00:00,1.0
2020-01-11 00:00:00+00:00,1.0
2020-01-12 00:00:00+00:00,1.0
2020-01-13 00:00:00+00:00,1.0
2020-01-14 00:00:00+00:00,1.0
2020-01-15 00:00:00+00:00,1.0
2020-01-16 00:00:00+00:00,1.0
2020-01-17 00:00:00+00:00,1.0
2020-01-18 00:00:00+00:00,1.0
2020-01-19 00:00:00+00:00,1.0
2020-01-20 00:00:00+00:00,1.0
2020-01-21 00:00:00+00:00,1.0
2020-01-22 00:00:00+00:00,1.0
2020-01-23 00:00:00+00:00,1.0
2020-01-24 00:00:00+00:00,1.0
2020-01-25 00:00:00+00:00,1.0
2020-01-26 00:00:00+00:00,1.0
2020-01-27 00:00:00+00:00,1.0
2020-01-28 00:00:00+00:00,1.0
2020-01-29 00:00:00+00:00,1.0
2020-01-30 00:00:00+00:00,1.0
2020-01-31 00:00:00+00:00,1.0
2020-02-01 00:00:00+00:00,1.0
2020-02-02 00:00:00+00:00,1.0
2020-02-03 00:00:00+00:00,1.0
2020-02-04 00:00:00+00:00,1.0
2020-02-05 00:00:00+00:00,1.0
2020-02-06 00:00:00+00:00,1.0
2020-02-07 00:00:00+00:00,1.0
2020-02-08 00:00:00+00:00,1.0
2020-02-09 00:00:00+00:00,1.0
2020-02-10 00:00:00+00:00,1.0
2020-02-11 00:00:00+00:00,1.0
2020-02-12 00:00:00+00:00,1.0
2020-02-13 00:00:00+00:00,1.0
2020-02-14 00:00:00+00:00,1.0
2020-02-15 00:00:00+00:00,0.9994108708416632
2020-02-16 00:00:00+00:00,1.001175311129152
2020-02-17 00:00:00+00:00,0.9910900608119186
2020-02-18 00:00:00+00:00,1.0092568947447471
2020-02-19 00:00:00+00:00,0.9899801254042787
2020-02-20 00:00:00+00:00,0.9891073172104436
2020-02-21 00:00:00+00:00,0.9918550861980934
2020-02-22 00:00:00+00:00,0.9909882310909048
2020-02-23 00:00:00+00:00,1.0007697029917737
2020-02-24 00:00:00+00:00,0.9904648548221713
2020-02-25 00:00:00+00:00,0.9788139162951176
2020-02-26 00:00:00+00:00,0.9589198582383592
2020-02-27 00:00:00+00:00,0.9576362622601488
2020-02-28 00:00:00+00:00,0.9535219688415227
2020-02-29 00:00:00+00:00,0.9507342162181451
2020-03-01 00:00:00+00:00,0.9487664321814377
2020-03-02 00:00:00+00:00,0.9487664321814377
2020-03-03 00:00:00+00:00,0.9487664321814377
2020-03-04 00:00:00+00:00,0.9487664321814377
2020-03-05 00:00:00+00:00,0.9487664321814377
2020-03-06 00:00:00+00:00,0.9482372788814519
2020-03-07 00:00:00+00:00,0.9565865506289175
2020-03-08 00:00:00+00:00,0.9908032256670675
2020-03-09 00:00:00+00:00,0.9972186005591779
2020-03-10 00:00:00+00:00,0.9977103986897334
2020-03-11 00:00:00+00:00,0.9976325043073918
2020-03-12 00:00:00+00:00,1.1503238515539365
2020-03-13 00:00:00+00:00,1.1399887021202357
2020-03-14 00:00:00+00:00,1.1460568020641844
2020-03-15 00:00:00+00:00,1.1426926516941247
2020-03-16 00:00:00+00:00,1.1495897843505305
2020-03-17 00:00:00+00:00,1.145553244452478
2020-03-18 00:00:00+00:00,1.1453046461180838
2020-03-19 00:00:00+00:00,1.1282516694315505
2020-03-20 00:00:00+00:00,1.1281307136322605
2020-03-21 00:00:00+00:00,1.1283429268323277
2020-03-22 00:00:00+00:00,1.1343447167323937
2020-03-23 00:00:00+00:00,1.1243692989320955
2020-03-24 00:00:00+00:00,1.1193663645698093
2020-03-25 00:00:00+00:00,1.1202064871738808
2020-03-26 00:00:00+00:00,1.1196247455581165
2020-03-27 00:00:00+00:00,1.123846373032948
2020-03-28 00:00:00+00:00,1.128019751829593
2020-03-29 00:00:00+00:00,1.134370783812953
2020-03-30 00:00:00+00:00,1.1242131612949295
2020-03-31 00:00:00+00:00,1.1240392534418393
2020-04-01 00:00:00+00:00,1.120772121754039
2020-04-02 00:00:00+00:00,1.1171435615787106
2020-04-03 00:00:00+00:00,1.1183267080980421
2020-04-04 00:00:00+00:00,1.1155987671569205
2020-04-05 00:00:00+00:00,1.1171831322690902
2020-04-06 00:00:00+00:00,1.1071719704534602
2020-04-07 00:00:00+00:00,1.1090990113817631
2020-04-08 00:00:00+00:00,1.1058088553446523
2020-04-09 00:00:00+00:00,1.10648185693034
2020-04-10 00:00:00+00:00,1.1164439504966155
2020-04-11 00:00:00+00:00,1.116587331651921
2020-04-12 00:00:00+00:00,1.113863931497888
2020-04-13 00:00:00+00:00,1.1170124687136165
2020-04-14 00:00:00+00:00,1.1170714612286652
2020-04-15 00:00:00+00:00,1.1225617871996456
2020-04-16 00:00:00+00:00,1.1095126704784102
2020-04-17 00:00:00+00:00,1.1097712654614142
2020-04-18 00:00:00+00:00,1.1097712654614142
2020-04-19 00:00:00+00:00,1.1097712654614142
2020-04-20 00:00:00+00:00,1.1097712654614142
2020-04-21 00:00:00+00:00,1.1097712654614142
2020-04-22 00:00:00+00:00,1.1097712654614142
2020-04-23 00:00:00+00:00,1.1097712654614142
2020-04-24 00:00:00+00:00,1.1097712654614142
2020-04-25 00:00:00+00:00,1.1097712654614142
2020-04-26 00:00:00+00:00,
2020-04-27 00:00:00+00:00,1.0
2020-04-28 00:00:00+00:00,1.0
2020-04-29 00:00:00+00:00,1.0
2020-04-30 00:00:00+00:00,1.0
2020-05-01 00:00:00+00:00,1.0
2020-05-02 00:00:00+00:00,1.0
2020-05-03 00:00:00+00:00,1.0
2020-05-04 00:00:00+00:00,1.0
2020-05-05 00:00:00+00:00,1.0
2020-05-06 00:00:00+00:00,1.0
2020-05-07 00:00:00+00:00,1.0
2020-05-08 00:00:00+00:00,1.0
2020-05-09 00:00:00+00:00,1.0
2020-05-10 00:00:00+00:00,1.0
2020-05-11 00:00:00+00:00,1.0
2020-05-12 00:00:00+00:00,1.0
2020-05-13 00:00:00+00:00,1.0
2020-05-14 00:00:00+00:00,1.0
2020-05-15 00:00:00+00:00,1.0
2020-05-16 00:00:00+00:00,1.0
2020-05-17 00:00:00+00:00,1.0
2020-05-18 00:00:00+00:00,1.0
2020-05-19 00:00:00+00:00,1.0
2020-05-20 00:00:00+00:00,1.0
2020-05-21 00:00:00+00:00,1.0
2020-05-22 00:00:00+00:00,1.0
2020-05-23 00:00:00+00:00,1.0
2020-05-24 00:00:00+00:00,1.0
2020-05-25 00:00:00+00:00,1.0
2020-05-26 00:00:00+00:00,1.0
2020-05-27 00:00:00+00:00,1.0
2020-05-28 00:00:00+00:00,1.0
2020-05-29 00:00:00+00:00,1.0
2020-05-30 00:00:00+00:00,1.0
2020-05-31 00:00:00+00:00,1.0
2020-06-01 00:00:00+00:00,1.0
2020-06-02 00:00:00+00:00,1.0
2020-06-03 00:00:00+00:00,1.0
2020-06-04 00:00:00+00:00,1.0
2020-06-05 00:00:00+00:00,1.0
2020-06-06 00:00:00+00:00,1.0
2020-06-07 00:00:00+00:00,1.0
2020-06-08 00:00:00+00:00,1.0
2020-06-09 00:00:00+00:00,1.0
2020-06-10 00:00:00+00:00,1.0
2020-06-11 00:00:00+00:00,1.0
2020-06-12 00:00:00+00:00,1.0
2020-06-13 00:00:00+00:00,1.0
2020-06-14 00:00:00+00:00,0.9995269605455679
2020-06-15 00:00:00+00:00,1.0016533619716286
2020-06-16 00:00:00+00:00,1.0046427922160217
2020-06-17 00:00:00+00:00,1.0025794338421572
2020-06-18 00:00:00+00:00,1.000051112386723
2020-06-19 00:00:00+00:00,0.9953190941452639
2020-06-20 00:00:00+00:00,0.9970373412539413
2020-06-21 00:00:00+00:00,0.9958579652676054
2020-06-22 00:00:00+00:00,1.0101045541857083
2020-06-23 00:00:00+00:00,1.0093353031487209
2020-06-24 00:00:00+00:00,0.9957606976742541
2020-06-25 00:00:00+00:00,0.9957606976742541
2020-06-26 00:00:00+00:00,0.9957606976742541
2020-06-27 00:00:00+00:00,0.9957606976742541
2020-06-28 00:00:00+00:00,0.9957606976742541
2020-06-29 00:00:00+00:00,0.9951153763474152
2020-06-30 00:00:00+00:00,0.997578325669569
2020-07-01 00:00:00+00:00,0.9931937412387977
2020-07-02 00:00:00+00:00,0.9983811797831292
2020-07-03 00:00:00+00:00,1.000213429307458
2020-07-04 00:00:00+00:00,0.9977939012925561
2020-07-05 00:00:00+00:00,1.0009747216229665
2020-07-06 00:00:00+00:00,0.9842442563764012
2020-07-07 00:00:00+00:00,0.9904926998162059
2020-07-08 00:00:00+00:00,0.9814325377367104
2020-07-09 00:00:00+00:00,0.9891669592141076
2020-07-10 00:00:00+00:00,0.9890981071689239
2020-07-11 00:00:00+00:00,0.9911672807677371
2020-07-12 00:00:00+00:00,0.9891108046258957
2020-07-13 00:00:00+00:00,0.9909912810139717
2020-07-14 00:00:00+00:00,0.9909870953218937
2020-07-15 00:00:00+00:00,0.9941008107422479
2020-07-16 00:00:00+00:00,0.9980046947515385
2020-07-17 00:00:00+00:00,0.9966917954865564
2020-07-18 00:00:00+00:00,0.9961326784452378
2020-07-19 00:00:00+00:00,0.9941990642113093
2020-07-20 00:00:00+00:00,0.9957472628724556
2020-07-21 00:00:00+00:00,0.9800162456481544
2020-07-22 00:00:00+00:00,0.9697726942282375
2020-07-23 00:00:00+00:00,0.966025344878637
2020-07-24 00:00:00+00:00,0.9690375068910196
2020-07-25 00:00:00+00:00,0.9592282717320133
2020-07-26 00:00:00+00:00,0.9427307011719642
2020-07-27 00:00:00+00:00,0.9422613748349578
2020-07-28 00:00:00+00:00,0.940024863564385
2020-07-29 00:00:00+00:00,0.9454581747532147
2020-07-30 00:00:00+00:00,0.9457630001029474
2020-07-31 00:00:00+00:00,0.9522152864600562
2020-08-01 00:00:00+00:00,0.9656449421189894
2020-08-02 00:00:00+00:00,0.9437640480340695
2020-08-03 00:00:00+00:00,0.9487603478424417
2020-08-04 00:00:00+00:00,0.9476693795320142
2020-08-05 00:00:00+00:00,0.9622771803319589
2020-08-06 00:00:00+00:00,0.9631094552892481
2020-08-07 00:00:00+00:00,0.958325062316715
2020-08-08 00:00:00+00:00,0.962445632322098
2020-08-09 00:00:00+00:00,0.9602463813673602
2020-08-10 00:00:00+00:00,0.9660037562714594
2020-08-11 00:00:00+00:00,0.9521495552051679
2020-08-12 00:00:00+00:00,0.9570016419956833
2020-08-13 00:00:00+00:00,0.9626460803923427
2020-08-14 00:00:00+00:00,0.9621867629071226
2020-08-15 00:00:00+00:00,0.965061971606423
2020-08-16 00:00:00+00:00,0.9658779288514394
2020-08-17 00:00:00+00:00,0.9772642711539651
2020-08-18 00:00:00+00:00,0.968991299528272
2020-08-19 00:00:00+00:00,0.9616672936387495
2020-08-20 00:00:00+00:00,0.9654370558524279
2020-08-21 00:00:00+00:00,0.9560921339781024
2020-08-22 00:00:00+00:00,0.9589708970788773
2020-08-23 00:00:00+00:00,0.9583845406309988
2020-08-24 00:00:00+00:00,
2020-08-25 00:00:00+00:00,1.0
2020-08-26 00:00:00+00:00,1.0
2020-08-27 00:00:00+00:00,1.0
2020-08-28 00:00:00+00:00,1.0
2020-08-29 00:00:00+00:00,1.0
2020-08-30 00:00:00+00:00,1.0
2020-08-31 00:00:00+00:00,1.0
2020-09-01 00:00:00+00:00,1.0
2020-09-02 00:00:00+00:00,1.0
2020-09-03 00:00:00+00:00,1.0
2020-09-04 00:00:00+00:00,1.0
2020-09-05 00:00:00+00:00,1.0
2020-09-06 00:00:00+00:00,1.0
2020-09-07 00:00:00+00:00,1.0
2020-09-08 00:00:00+00:00,1.0
2020-09-09 00:00:00+00:00,1.0
2020-09-10 00:00:00+00:00,1.0
2020-09-11 00:00:00+00:00,1.0
2020-09-12 00:00:00+00:00,1.0
2020-09-13 00:00:00+00:00,1.0
2020-09-14 00:00:00+00:00,1.0
2020-09-15 00:00:00+00:00,1.0
2020-09-16 00:00:00+00:00,1.0
2020-09-17 00:00:00+00:00,1.0
2020-09-18 00:00:00+00:00,1.0
2020-09-19 00:00:00+00:00,1.0
2020-09-20 00:00:00+00:00,1.0
2020-09-21 00:00:00+00:00,1.0
2020-09-22 00:00:00+00:00,1.0
2020-09-23 00:00:00+00:00,1.0
2020-09-24 00:00:00+00:00,1.0
2020-09-25 00:00:00+00:00,1.0
2020-09-26 00:00:00+00:00,1.0
2020-09-27 00:00:00+00:00,1.0
2020-09-28 00:00:00+00:00,1.0
2020-09-29 00:00:00+00:00,1.0
2020-09-30 00:00:00+00:00,1.0
2020-10-01 00:00:00+00:00,1.0
2020-10-02 00:00:00+00:00,1.0
2020-10-03 00:00:00+00:00,1.0
2020-10-04 00:00:00+00:00,1.0
2020-10-05 00:00:00+00:00,1.0
2020-10-06 00:00:00+00:00,1.0
2020-10-07 00:00:00+00:00,1.0
2020-10-08 00:00:00+00:00,1.0
2020-10-09 00:00:00+00:00,1.0
2020-10-10 00:00:00+00:00,1.0
2020-10-11 00:00:00+00:00,1.0
2020-10-12 00:00:00+00:00,1.0
2020-10-13 00:00:00+00:00,0.9992607583414308
2020-10-14 00:00:00+00:00,0.9993913139950054
2020-10-15 00:00:00+00:00,1.0022966678141725
2020-10-16 00:00:00+00:00,0.9943179612331801
2020-10-17 00:00:00+00:00,0.9959591469810566
2020-10-18 00:00:00+00:00,1.0019203029215704
2020-10-19 00:00:00+00:00,1.0144454175756452
2020-10-20 00:00:00+00:00,1.0226932083597904
2020-10-21 00:00:00+00:00,1.0653782424270504
2020-10-22 00:00:00+00:00,1.0700227235028998
2020-10-23 00:00:00+00:00,1.0688437268441437
2020-10-24 00:00:00+00:00,1.0749289899986265
2020-10-25 00:00:00+00:00,1.0721772985686773
2020-10-26 00:00:00+00:00,1.0737558220824464
2020-10-27 00:00:00+00:00,1.095169381710282
2020-10-28 00:00:00+00:00,1.0818207399586235
2020-10-29 00:00:00+00:00,1.0872966765989407
2020-10-30 00:00:00+00:00,1.0909501790803944
2020-10-31 00:00:00+00:00,1.0990760250012126
2020-11-01 00:00:00+00:00,1.0974987309444137
2020-11-02 00:00:00+00:00,1.090673288967176
2020-11-03 00:00:00+00:00,1.1052369179870656
2020-11-04 00:00:00+00:00,1.111774319192362
2020-11-05 00:00:00+00:00,1.163298828868973
2020-11-06 00:00:00+00:00,1.1629530661225138
2020-11-07 00:00:00+00:00,1.1447861261359262
2020-11-08 00:00:00+00:00,1.1593324136982959
2020-11-09 00:00:00+00:00,1.1560534397205797
2020-11-10 00:00:00+00:00,1.155096606422955
2020-11-11 00:00:00+00:00,1.1646081246718591
2020-11-12 00:00:00+00:00,1.1779549735174708
2020-11-13 00:00:00+00:00,1.1788959449849663
2020-11-14 00:00:00+00:00,1.1729194879299167
2020-11-15 00:00:00+00:00,1.1701773547919998
2020-11-16 00:00:00+00:00,1.1887756534372207
2020-11-17 00:00:00+00:00,1.2101813238592503
2020-11-18 00:00:00+00:00,1.2136091960156117
2020-11-19 00:00:00+00:00,1.2138855718388204
2020-11-20 00:00:00+00:00,1.2320988362168153
2020-11-21 00:00:00+00:00,1.2325457649665559
2020-11-22 00:00:00+00:00,1.2263309699238525
2020-11-23 00:00:00+00:00,1.2261789186692975
2020-11-24 00:00:00+00:00,1.2434581220251943
2020-11-25 00:00:00+00:00,1.2348091972479922
2020-11-26 00:00:00+00:00,1.197467632463345
2020-11-27 00:00:00+00:00,1.1966808281472638
2020-11-28 00:00:00+00:00,1.2080325990559406
2020-11-29 00:00:00+00:00,1.2164772238043882
2020-11-30 00:00:00+00:00,1.2426696731281641
2020-12-01 00:00:00+00:00,1.2291868614261214
2020-12-02 00:00:00+00:00,1.2355235167260996
2020-12-03 00:00:00+00:00,1.2394718311398212
2020-12-04 00:00:00+00:00,1.226834734913079
2020-12-05 00:00:00+00:00,1.2343835591261072
2020-12-06 00:00:00+00:00,1.2375844990194234
2020-12-07 00:00:00+00:00,1.234898622981456
2020-12-08 00:00:00+00:00,1.219002943181481
2020-12-09 00:00:00+00:00,1.2231085636747632
2020-12-10 00:00:00+00:00,1.2178158303641438
2020-12-11 00:00:00+00:00,1.213909611035955
2020-12-12 00:00:00+00:00,1.2282142053522063
2020-12-13 00:00:00+00:00,1.2344984366111305
2020-12-14 00:00:00+00:00,1.2364564164697813
2020-12-15 00:00:00+00:00,1.2397612713210844
2020-12-16 00:00:00+00:00,1.2764922663507132
2020-12-17 00:00:00+00:00,1.299125989620813
2020-12-18 00:00:00+00:00,1.3038008204470353
2020-12-19 00:00:00+00:00,1.3142735675821178
2020-12-20 00:00:00+00:00,1.3085255008033234
2020-12-21 00:00:00+00:00,1.298414872190215
2020-12-22 00:00:00+00:00,
2020-12-23 00:00:00+00:00,1.0
2020-12-24 00:00:00+00:00,1.0
2020-12-25 00:00:00+00:00,1.0
2020-12-26 00:00:00+00:00,1.0
2020-12-27 00:00:00+00:00,1.0
2020-12-28 00:00:00+00:00,1.0
2020-12-29 00:00:00+00:00,1.0
2020-12-30 00:00:00+00:00,1.0
2020-12-31 00:00:00+00:00,1.0
2021-01-01 00:00:00+00:00,1.0
2021-01-02 00:00:00+00:00,1.0
2021-01-03 00:00:00+00:00,1.0
2021-01-04 00:00:00+00:00,1.0
2021-01-05 00:00:00+00:00,1.0
2021-01-06 00:00:00+00:00,1.0
2021-01-07 00:00:00+00:00,1.0
2021-01-08 00:00:00+00:00,1.0
2021-01-09 00:00:00+00:00,1.0
2021-01-10 00:00:00+00:00,1.0
2021-01-11 00:00:00+00:00,1.0
2021-01-12 00:00:00+00:00,1.0
2021-01-13 00:00:00+00:00,1.0
2021-01-14 00:00:00+00:00,1.0
2021-01-15 00:00:00+00:00,1.0
2021-01-16 00:00:00+00:00,1.0
2021-01-17 00:00:00+00:00,1.0
2021-01-18 00:00:00+00:00,1.0
2021-01-19 00:00:00+00:00,1.0
2021-01-20 00:00:00+00:00,1.0
2021-01-21 00:00:00+00:00,1.0
2021-01-22 00:00:00+00:00,1.0
2021-01-23 00:00:00+00:00,1.0
2021-01-24 00:00:00+00:00,1.0
2021-01-25 00:00:00+00:00,1.0
2021-01-26 00:00:00+00:00,1.0
2021-01-27 00:00:00+00:00,1.0
2021-01-28 00:00:00+00:00,1.0
2021-01-29 00:00:00+00:00,1.0
2021-01-30 00:00:00+00:00,1.0
2021-01-31 00:00:00+00:00,1.0
2021-02-01 00:00:00+00:00,1.0
2021-02-02 00:00:00+00:00,1.0
2021-02-03 00:00:00+00:00,1.0
2021-02-04 00:00:00+00:00,1.0
2021-02-05 00:00:00+00:00,1.0
2021-02-06 00:00:00+00:00,1.0
2021-02-07 00:00:00+00:00,1.0
2021-02-08 00:00:00+00:00,1.0
2021-02-09 00:00:00+00:00,0.9997572546324511
2021-02-10 00:00:00+00:00,0.9942361485171104
2021-02-11 00:00:00+00:00,1.0047471891905249
2021-02-12 00:00:00+00:00,1.0033394111973424
2021-02-13 00:00:00+00:00,1.0019015929021162
2021-02-14 00:00:00+00:00,1.0077667532130599
2021-02-15 00:00:00+00:00,1.0048850402303589
2021-02-16 00:00:00+00:00,1.0096330303546988
2021-02-17 00:00:00+00:00,1.0207785061990926
2021-02-18 00:00:00+00:00,1.0190183262329315
2021-02-19 00:00:00+00:00,1.034675905572768
2021-02-20 00:00:00+00:00,1.0354131341266104
2021-02-21 00:00:00+00:00,1.0405823937184777
2021-02-22 00:00:00+00:00,1.028017056783325
2021-02-23 00:00:00+00:00,1.007468761582215
2021-02-24 00:00:00+00:00,1.0105111570112157
2021-02-25 00:00:00+00:00,1.0010338794552271
2021-02-26 00:00:00+00:00,0.9982293087792672
2021-02-27 00:00:00+00:00,0.9976378065938957
2021-02-28 00:00:00+00:00,0.993404639046242
2021-03-01 00:00:00+00:00,1.0113924151810154
2021-03-02 00:00:00+00:00,1.0068578872267064
2021-03-03 00:00:00+00:00,1.0147774648034664
2021-03-04 00:00:00+00:00,1.007424850308688
2021-03-05 00:00:00+00:00,1.0088051831259246
2021-03-06 00:00:00+00:00,1.0087371409621486
2021-03-07 00:00:00+00:00,1.0178430332919013
2021-03-08 00:00:00+00:00,1.0218872011236886
2021-03-09 00:00:00+00:00,1.0319652990241384
2021-03-10 00:00:00+00:00,1.036496727778823
2021-03-11 00:00:00+00:00,1.0434477681586536
2021-03-12 00:00:00+00:00,1.0415752822758142
2021-03-13 00:00:00+00:00,1.0570315257485272
2021-03-14 00:00:00+00:00,1.0496116311516939
2021-03-15 00:00:00+00:00,1.0361977159847244
2021-03-16 00:00:00+00:00,1.0396244291484877
2021-03-17 00:00:00+00:00,1.047620311243275
2021-03-18 00:00:00+00:00,1.0436445472707638
2021-03-19 00:00:00+00:00,1.045592810412569
2021-03-20 00:00:00+00:00,1.0454442657198255
2021-03-21 00:00:00+00:00,1.0420366220519517
2021-03-22 00:00:00+00:00,1.028488836829786
2021-03-23 00:00:00+00:00,1.0294057900747937
2021-03-24 00:00:00+00:00,1.0202977414969194
2021-03-25 00:00:00+00:00,1.0152110014945825
2021-03-26 00:00:00+00:00,1.0316110653607609
2021-03-27 00:00:00+00:00,1.0352588036899513
2021-03-28 00:00:00+00:00,1.0351440753559396
2021-03-29 00:00:00+00:00,1.0433806438286521
2021-03-30 00:00:00+00:00,1.0486909972785954
2021-03-31 00:00:00+00:00,1.0486827279950994
2021-04-01 00:00:00+00:00,1.0495179011933486
2021-04-02 00:00:00+00:00,1.050930475591291
2021-04-03 00:00:00+00:00,1.041737718071978
2021-04-04 00:00:00+00:00,1.047680585263855
2021-04-05 00:00:00+00:00,1.0492329178524649
2021-04-06 00:00:00+00:00,1.0445194883814668
2021-04-07 00:00:00+00:00,1.032396136017528
2021-04-08 00:00:00+00:00,1.044947189722912
2021-04-09 00:00:00+00:00,1.0445091206545174
2021-04-10 00:00:00+00:00,1.052989898075712
2021-04-11 00:00:00+00:00,1.0552358216830138
2021-04-12 00:00:00+00:00,1.0534520403601038
2021-04-13 00:00:00+00:00,1.0741504729915128
2021-04-14 00:00:00+00:00,1.072080588292023
2021-04-15 00:00:00+00:00,1.0731608293168715
2021-04-16 00:00:00+00:00,1.0634100191260922
2021-04-17 00:00:00+00:00,1.0584073672821914
2021-04-18 00:00:00+00:00,1.0319385368601686
2021-04-19 00:00:00+00:00,1.0294093095146082
2021-04-20 00:00:00+00:00,1.0333451470001087
2021-04-21 00:00:00+00:00,
2021-04-22 00:00:00+00:00,1.0
2021-04-23 00:00:00+00:00,1.0
2021-04-24 00:00:00+00:00,1.0
2021-04-25 00:00:00+00:00,1.0
2021-04-26 00:00:00+00:00,1.0
2021-04-27 00:00:00+00:00,1.0
2021-04-28 00:00:00+00:00,1.0
2021-04-29 00:00:00+00:00,1.0
2021-04-30 00:00:00+00:00,1.0
2021-05-01 00:00:00+00:00,1.0
2021-05-02 00:00:00+00:00,1.0
2021-05-03 00:00:00+00:00,1.0
2021-05-04 00:00:00+00:00,1.0
2021-05-05 00:00:00+00:00,1.0
2021-05-06 00:00:00+00:00,1.0
2021-05-07 00:00:00+00:00,1.0
2021-05-08 00:00:00+00:00,1.0
2021-05-09 00:00:00+00:00,1.0
2021-05-10 00:00:00+00:00,1.0
2021-05-11 00:00:00+00:00,1.0
2021-05-12 00:00:00+00:00,1.0
2021-05-13 00:00:00+00:00,1.0
2021-05-14 00:00:00+00:00,1.0
2021-05-15 00:00:00+00:00,1.0
2021-05-16 00:00:00+00:00,1.0
2021-05-17 00:00:00+00:00,1.0
2021-05-18 00:00:00+00:00,1.0
2021-05-19 00:00:00+00:00,1.0
2021-05-20 00:00:00+00:00,1.0
2021-05-21 00:00:00+00:00,1.0
2021-05-22 00:00:00+00:00,1.0
2021-05-23 00:00:00+00:00,1.0
2021-05-24 00:00:00+00:00,1.0
2021-05-25 00:00:00+00:00,1.0
2021-05-26 00:00:00+00:00,1.0
2021-05-27 00:00:00+00:00,1.0
2021-05-28 00:00:00+00:00,1.0
2021-05-29 00:00:00+00:00,1.0
2021-05-30 00:00:00+00:00,1.0
2021-05-31 00:00:00+00:00,1.0
2021-06-01 00:00:00+00:00,1.0
2021-06-02 00:00:00+00:00,1.0
2021-06-03 00:00:00+00:00,1.0
2021-06-04 00:00:00+00:00,1.0
2021-06-05 00:00:00+00:00,1.0
2021-06-06 00:00:00+00:00,1.0
2021-06-07 00:00:00+00:00,1.0
2021-06-08 00:00:00+00:00,1.0
2021-06-09 00:00:00+00:00,0.9997554396678356
2021-06-10 00:00:00+00:00,1.002580632314295
2021-06-11 00:00:00+00:00,0.9996965529294386
2021-06-12 00:00:00+00:00,1.0081919358938105
2021-06-13 00:00:00+00:00,0.9915218358752339
2021-06-14 00:00:00+00:00,0.986972129694282
2021-06-15 00:00:00+00:00,0.9861978764452494
2021-06-16 00:00:00+00:00,0.9951246387441745
2021-06-17 00:00:00+00:00,0.9964378572959538
2021-06-18 00:00:00+00:00,1.0074205742430078
2021-06-19 00:00:00+00:00,1.0082700007352203
2021-06-20 00:00:00+00:00,1.0078333149388004
2021-06-21 00:00:00+00:00,1.0308913888856488
2021-06-22 00:00:00+00:00,1.0264009376524885
2021-06-23 00:00:00+00:00,1.019936271718404
2021-06-24 00:00:00+00:00,1.0150841465029892
2021-06-25 00:00:00+00:00,1.0315935543453179
2021-06-26 00:00:00+00:00,1.0285980205110583
2021-06-27 00:00:00+00:00,1.015541247720257
2021-06-28 00:00:00+00:00,1.0165879981066677
2021-06-29 00:00:00+00:00,1.0094672624519898
2021-06-30 00:00:00+00:00,1.013572298306854
2021-07-01 00:00:00+00:00,1.0213755082821294
2021-07-02 00:00:00+00:00,1.019580339682862
2021-07-03 00:00:00+00:00,1.0152819606718664
2021-07-04 00:00:00+00:00,1.0118284673748128
2021-07-05 00:00:00+00:00,1.0207900104292238
2021-07-06 00:00:00+00:00,1.0178664402480273
2021-07-07 00:00:00+00:00,1.0201804643172683
2021-07-08 00:00:00+00:00,1.0265058072065425
2021-07-09 00:00:00+00:00,1.0203998261518281
2021-07-10 00:00:00+00:00,1.0222339276848877
2021-07-11 00:00:00+00:00,1.0173203092925258
2021-07-12 00:00:00+00:00,1.0249227695279852
2021-07-13 00:00:00+00:00,1.0282362918827408
2021-07-14 00:00:00+00:00,1.0273089700774862
2021-07-15 00:00:00+00:00,1.0356304248041266
2021-07-16 00:00:00+00:00,1.0386119542424128
2021-07-17 00:00:00+00:00,1.0376337945413683
2021-07-18 00:00:00+00:00,1.035284798081982
2021-07-19 00:00:00+00:00,1.044333945644917
2021-07-20 00:00:00+00:00,1.0541960531044272
2021-07-21 00:00:00+00:00,1.0319758931694312
2021-07-22 00:00:00+00:00,1.0303549447053961
2021-07-23 00:00:00+00:00,1.0202380861554534
2021-07-24 00:00:00+00:00,1.0147973134579666
2021-07-25 00:00:00+00:00,1.006782438071069
2021-07-26 00:00:00+00:00,0.9923217927573882
2021-07-27 00:00:00+00:00,0.9786839624865075
2021-07-28 00:00:00+00:00,0.9750221866815553
2021-07-29 00:00:00+00:00,0.9745623166764414
2021-07-30 00:00:00+00:00,0.9745623166764414
2021-07-31 00:00:00+00:00,0.9745623166764414
2021-08-01 00:00:00+00:00,0.9745623166764414
2021-08-02 00:00:00+00:00,0.9745623166764414
2021-08-03 00:00:00+00:00,0.9745623166764414
2021-08-04 00:00:00+00:00,0.9745623166764414
2021-08-05 00:00:00+00:00,0.9745623166764414
2021-08-06 00:00:00+00:00,0.9745623166764414
2021-08-07 00:00:00+00:00,0.9745623166764414
2021-08-08 00:00:00+00:00,0.9745623166764414
2021-08-09 00:00:00+00:00,0.9741720963828653
2021-08-10 00:00:00+00:00,0.9697633455805922
2021-08-11 00:00:00+00:00,0.9698007156540519
2021-08-12 00:00:00+00:00,0.9628468501212113
2021-08-13 00:00:00+00:00,0.9824850670751046
2021-08-14 00:00:00+00:00,0.9787804194523417
2021-08-15 00:00:00+00:00,0.9784977306262115
2021-08-16 00:00:00+00:00,0.9726153010838867
2021-08-17 00:00:00+00:00,0.9650454185925993
2021-08-18 00:00:00+00:00,0.9656488668258862
2021-08-19 00:00:00+00:00,
2021-08-20 00:00:00+00:00,1.0
2021-08-21 00:00:00+00:00,1.0
2021-08-22 00:00:00+00:00,1.0
2021-08-23 00:00:00+00:00,1.0
2021-08-24 00:00:00+00:00,1.0
2021-08-25 00:00:00+00:00,1.0
2021-08-26 00:00:00+00:00,1.0
2021-08-27 00:00:00+00:00,1.0
2021-08-28 00:00:00+00:00,1.0
2021-08-29 00:00:00+00:00,1.0
2021-08-30 00:00:00+00:00,1.0
2021-08-31 00:00:00+00:00,1.0
2021-09-01 00:00:00+00:00,1.0
2021-09-02 00:00:00+00:00,1.0
2021-09-03 00:00:00+00:00,1.0
2021-09-04 00:00:00+00:00,1.0
2021-09-05 00:00:00+00:00,1.0
2021-09-06 00:00:00+00:00,1.0
2021-09-07 00:00:00+00:00,1.0
2021-09-08 00:00:00+00:00,1.0
2021-09-09 00:00:00+00:00,1.0
2021-09-10 00:00:00+00:00,1.0
2021-09-11 00:00:00+00:00,1.0
2021-09-12 00:00:00+00:00,1.0
2021-09-13 00:00:00+00:00,1.0
2021-09-14 00:00:00+00:00,1.0
2021-09-15 00:00:00+00:00,1.0
2021-09-16 00:00:00+00:00,1.0
2021-09-17 00:00:00+00:00,1.0
2021-09-18 00:00:00+00:00,1.0
2021-09-19 00:00:00+00:00,1.0
2021-09-20 00:00:00+00:00,1.0
2021-09-21 00:00:00+00:00,1.0
2021-09-22 00:00:00+00:00,1.0
2021-09-23 00:00:00+00:00,1.0
2021-09-24 00:00:00+00:00,1.0
2021-09-25 00:00:00+00:00,1.0
2021-09-26 00:00:00+00:00,1.0
2021-09-27 00:00:00+00:00,1.0
2021-09-28 00:00:00+00:00,1.0
2021-09-29 00:00:00+00:00,1.0
2021-09-30 00:00:00+00:00,1.0
2021-10-01 00:00:00+00:00,1.0
2021-10-02 00:00:00+00:00,1.0
2021-10-03 00:00:00+00:00,1.0
2021-10-04 00:00:00+00:00,1.0
2021-10-05 00:00:00+00:00,1.0
2021-10-06 00:00:00+00:00,1.0
2021-10-07 00:00:00+00:00,1.0
2021-10-08 00:00:00+00:00,1.0
2021-10-09 00:00:00+00:00,1.0
2021-10-10 00:00:00+00:00,1.0
2021-10-11 00:00:00+00:00,0.9996359084086103
2021-10-12 00:00:00+00:00,0.9934813033038966
2021-10-13 00:00:00+00:00,0.9992833679203452
2021-10-14 00:00:00+00:00,0.9989248222795917
2021-10-15 00:00:00+00:00,1.0176100630762412
2021-10-16 00:00:00+00:00,1.0147527260119782
2021-10-17 00:00:00+00:00,1.0174776591131267
2021-10-18 00:00:00+00:00,1.019472429423126
2021-10-19 00:00:00+00:00,1.0291285576873608
2021-10-20 00:00:00+00:00,1.0365725842223605
2021-10-21 00:00:00+00:00,1.0195643468023
2021-10-22 00:00:00+00:00,1.0132372336864293
2021-10-23 00:00:00+00:00,1.0161784402714202
2021-10-24 00:00:00+00:00,1.014155772044986
2021-10-25 00:00:00+00:00,1.0234802993477086
2021-10-26 00:00:00+00:00,1.011422730500965
2021-10-27 00:00:00+00:00,1.0030338879597358
2021-10-28 00:00:00+00:00,1.0125500037709168
2021-10-29 00:00:00+00:00,1.0195644890742244
2021-10-30 00:00:00+00:00,1.0180476260266633
2021-10-31 00:00:00+00:00,1.0154182149106792
2021-11-01 00:00:00+00:00,1.0139126135524898
2021-11-02 00:00:00+00:00,1.0246610793694726
2021-11-03 00:00:00+00:00,1.023418855307391
2021-11-04 00:00:00+00:00,1.0158480394708664
2021-11-05 00:00:00+00:00,1.0141823598180844
2021-11-06 00:00:00+00:00,1.016260426019272
2021-11-07 00:00:00+00:00,1.0258325457311404
2021-11-08 00:00:00+00:00,1.047820420068337
2021-11-09 00:00:00+00:00,1.0450456781334878
2021-11-10 00:00:00+00:00,1.0355151335866932
2021-11-11 00:00:00+00:00,1.0352823011348236
2021-11-12 00:00:00+00:00,1.0313135647828333
2021-11-13 00:00:00+00:00,1.0329001784007836
2021-11-14 00:00:00+00:00,1.0381214985570633
2021-11-15 00:00:00+00:00,1.0277610931828942
2021-11-16 00:00:00+00:00,1.0090402635746403
2021-11-17 00:00:00+00:00,1.010084990329768
2021-11-18 00:00:00+00:00,0.991564247686235
2021-11-19 00:00:00+00:00,0.9975201764467823
2021-11-20 00:00:00+00:00,1.0054792144978324
2021-11-21 00:00:00+00:00,1.0005843303200295
2021-11-22 00:00:00+00:00,0.9876607269857979
2021-11-23 00:00:00+00:00,0.9938934943583566
2021-11-24 00:00:00+00:00,0.9938934943583566
2021-11-25 00:00:00+00:00,0.9938934943583566
2021-11-26 00:00:00+00:00,0.9938934943583566
2021-11-27 00:00:00+00:00,0.9938934943583566
2021-11-28 00:00:00+00:00,0.9938934943583566
2021-11-29 00:00:00+00:00,0.9938934943583566
2021-11-30 00:00:00+00:00,0.9938934943583566
2021-12-01 00:00:00+00:00,0.9938934943583566
2021-12-02 00:00:00+00:00,0.9938934943583566
2021-12-03 00:00:00+00:00,0.9938934943583566
2021-12-04 00:00:00+00:00,0.9938934943583566
2021-12-05 00:00:00+00:00,0.9938934943583566
2021-12-06 00:00:00+00:00,0.9938934943583566
2021-12-07 00:00:00+00:00,0.9938934943583566
2021-12-08 00:00:00+00:00,0.9938934943583566
2021-12-09 00:00:00+00:00,0.9938934943583566
2021-12-10 00:00:00+00:00,0.9934737589162855
2021-12-11 00:00:00+00:00,0.9812544784363475
2021-12-12 00:00:00+00:00,0.9773494175186705
2021-12-13 00:00:00+00:00,0.9961413261871636
2021-12-14 00:00:00+00:00,0.9968104694850328
2021-12-15 00:00:00+00:00,0.9842770830898353
2021-12-16 00:00:00+00:00,0.9906324147686744
2021-12-17 00:00:00+00:00,
2021-12-18 00:00:00+00:00,1.0
2021-12-19 00:00:00+00:00,1.0
2021-12-20 00:00:00+00:00,1.0
2021-12-21 00:00:00+00:00,1.0
2021-12-22 00:00:00+00:00,1.0
2021-12-23 00:00:00+00:00,1.0
2021-12-24 00:00:00+00:00,1.0
2021-12-25 00:00:00+00:00,1.0
2021-12-26 00:00:00+00:00,1.0
2021-12-27 00:00:00+00:00,1.0
2021-12-28 00:00:00+00:00,1.0
2021-12-29 00:00:00+00:00,1.0
2021-12-30 00:00:00+00:00,1.0
2021-12-31 00:00:00+00:00,1.0
2022-01-01 00:00:00+00:00,1.0
2022-01-02 00:00:00+00:00,1.0
2022-01-03 00:00:00+00:00,1.0
2022-01-04 00:00:00+00:00,1.0
2022-01-05 00:00:00+00:00,1.0
2022-01-06 00:00:00+00:00,1.0
2022-01-07 00:00:00+00:00,1.0
2022-01-08 00:00:00+00:00,1.0
2022-01-09 00:00:00+00:00,1.0
2022-01-10 00:00:00+00:00,1.0
2022-01-11 00:00:00+00:00,1.0
2022-01-12 00:00:00+00:00,1.0
2022-01-13 00:00:00+00:00,1.0
2022-01-14 00:00:00+00:00,1.0
2022-01-15 00:00:00+00:00,1.0
2022-01-16 00:00:00+00:00,1.0
2022-01-17 00:00:00+00:00,1.0
2022-01-18 00:00:00+00:00,1.0
2022-01-19 00:00:00+00:00,1.0
2022-01-20 00:00:00+00:00,1.0
2022-01-21 00:00:00+00:00,1.0
2022-01-22 00:00:00+00:00,1.0
2022-01-23 00:00:00+00:00,1.0
2022-01-24 00:00:00+00:00,1.0
2022-01-25 00:00:00+00:00,1.0
2022-01-26 00:00:00+00:00,1.0
2022-01-27 00:00:00+00:00,1.0
2022-01-28 00:00:00+00:00,1.0
2022-01-29 00:00:00+00:00,1.0
2022-01-30 00:00:00+00:00,1.0
2022-01-31 00:00:00+00:00,1.0
2022-02-01 00:00:00+00:00,1.0
2022-02-02 00:00:00+00:00,1.0
2022-02-03 00:00:00+00:00,1.0
2022-02-04 00:00:00+00:00,0.9996393298237616
2022-02-05 00:00:00+00:00,0.9999734299580254
2022-02-06 00:00:00+00:00,0.9942228604072689
2022-02-07 00:00:00+00:00,0.985871615579576
2022-02-08 00:00:00+00:00,0.9842508403638884
2022-02-09 00:00:00+00:00,0.9829299074274865
2022-02-10 00:00:00+00:00,0.9877078425130261
2022-02-11 00:00:00+00:00,0.9952015228707518
2022-02-12 00:00:00+00:00,0.9958653256984601
2022-02-13 00:00:00+00:00,0.9958653256984601
2022-02-14 00:00:00+00:00,0.9958653256984601
2022-02-15 00:00:00+00:00,0.9958653256984601
2022-02-16 00:00:00+00:00,0.9958653256984601
2022-02-17 00:00:00+00:00,0.9958653256984601
2022-02-18 00:00:00+00:00,0.9958653256984601
2022-02-19 00:00:00+00:00,0.9954531715004843
2022-02-20 00:00:00+00:00,0.9836905332218232
2022-02-21 00:00:00+00:00,0.974103219044516
2022-02-22 00:00:00+00:00,0.9823276291913683
2022-02-23 00:00:00+00:00,0.9823276291913683
2022-02-24 00:00:00+00:00,0.9823276291913683
2022-02-25 00:00:00+00:00,0.9823276291913683
2022-02-26 00:00:00+00:00,0.9823276291913683
2022-02-27 00:00:00+00:00,0.9823276291913683
2022-02-28 00:00:00+00:00,0.9823276291913683
2022-03-01 00:00:00+00:00,0.9823276291913683
2022-03-02 00:00:00+00:00,0.9823276291913683
2022-03-03 00:00:00+00:00,0.9820118098434355
2022-03-04 00:00:00+00:00,0.9650259685685018
2022-03-05 00:00:00+00:00,0.9663023514630257
2022-03-06 00:00:00+00:00,0.9613080305972864
2022-03-07 00:00:00+00:00,0.9591130087371931
2022-03-08 00:00:00+00:00,0.9591130087371931
2022-03-09 00:00:00+00:00,0.9591130087371931
2022-03-10 00:00:00+00:00,0.9591130087371931
2022-03-11 00:00:00+00:00,0.9591130087371931
2022-03-12 00:00:00+00:00,0.958807138611188
2022-03-13 00:00:00+00:00,0.9644182094969922
2022-03-14 00:00:00+00:00,0.9546298742333249
2022-03-15 00:00:00+00:00,0.9563279795069941
2022-03-16 00:00:00+00:00,0.9468319419625468
2022-03-17 00:00:00+00:00,0.9478059058109449
2022-03-18 00:00:00+00:00,0.9433530487991637
2022-03-19 00:00:00+00:00,0.9409679329111305
2022-03-20 00:00:00+00:00,0.9406189010255106
2022-03-21 00:00:00+00:00,0.941567650667788
2022-03-22 00:00:00+00:00,0.9338512924746585
2022-03-23 00:00:00+00:00,0.9338512924746585
2022-03-24 00:00:00+00:00,0.9338512924746585
2022-03-25 00:00:00+00:00,0.9338512924746585
2022-03-26 00:00:00+00:00,0.9338512924746585
2022-03-27 00:00:00+00:00,0.9338512924746585
2022-03-28 00:00:00+00:00,0.9338512924746585
2022-03-29 00:00:00+00:00,0.9338512924746585
2022-03-30 00:00:00+00:00,0.9334169594613744
2022-03-31 00:00:00+00:00,0.9239272906350007
2022-04-01 00:00:00+00:00,0.9284688102036414
2022-04-02 00:00:00+00:00,0.9258612902661278
2022-04-03 00:00:00+00:00,0.9296177364549914
2022-04-04 00:00:00+00:00,0.9307204086437507
2022-04-05 00:00:00+00:00,0.9233808322400927
2022-04-06 00:00:00+00:00,0.9067594802867871
2022-04-07 00:00:00+00:00,0.9086970991422714
2022-04-08 00:00:00+00:00,0.9003957728843623
2022-04-09 00:00:00+00:00,0.9037892631956939
2022-04-10 00:00:00+00:00,0.8997143650141768
2022-04-11 00:00:00+00:00,0.8796359964702299
2022-04-12 00:00:00+00:00,0.8837018131719759
2022-04-13 00:00:00+00:00,0.8907232311907175
2022-04-14 00:00:00+00:00,0.8819698197876603
2022-04-15 00:00:00+00:00,0.8819698197876603
2022-04-16 00:00:00+00:00,
2022-04-17 00:00:00+00:00,1.0
2022-04-18 00:00:00+00:00,1.0
2022-04-19 00:00:00+00:00,1.0
2022-04-20 00:00:00+00:00,1.0
2022-04-21 00:00:00+00:00,1.0
2022-04-22 00:00:00+00:00,1.0
2022-04-23 00:00:00+00:00,1.0
2022-04-24 00:00:00+00:00,1.0
2022-04-25 00:00:00+00:00,1.0
2022-04-26 00:00:00+00:00,1.0
2022-04-27 00:00:00+00:00,1.0
2022-04-28 00:00:00+00:00,1.0
2022-04-29 00:00:00+00:00,1.0
2022-04-30 00:00:00+00:00,1.0
2022-05-01 00:00:00+00:00,1.0
2022-05-02 00:00:00+00:00,1.0
2022-05-03 00:00:00+00:00,1.0
2022-05-04 00:00:00+00:00,1.0
2022-05-05 00:00:00+00:00,1.0
2022-05-06 00:00:00+00:00,1.0
2022-05-07 00:00:00+00:00,1.0
2022-05-08 00:00:00+00:00,1.0
2022-05-09 00:00:00+00:00,1.0
2022-05-10 00:00:00+00:00,1.0
2022-05-11 00:00:00+00:00,1.0
2022-05-12 00:00:00+00:00,1.0
2022-05-13 00:00:00+00:00,1.0
2022-05-14 00:00:00+00:00,1.0
2022-05-15 00:00:00+00:00,1.0
2022-05-16 00:00:00+00:00,1.0
2022-05-17 00:00:00+00:00,1.0
2022-05-18 00:00:00+00:00,1.0
2022-05-19 00:00:00+00:00,1.0
2022-05-20 00:00:00+00:00,1.0
2022-05-21 00:00:00+00:00,1.0
2022-05-22 00:00:00+00:00,1.0
2022-05-23 00:00:00+00:00,1.0
2022-05-24 00:00:00+00:00,1.0
2022-05-25 00:00:00+00:00,1.0
2022-05-26 00:00:00+00:00,1.0
2022-05-27 00:00:00+00:00,1.0
2022-05-28 00:00:00+00:00,1.0
2022-05-29 00:00:00+00:00,1.0
2022-05-30 00:00:00+00:00,1.0
2022-05-31 00:00:00+00:00,1.0
2022-06-01 00:00:00+00:00,1.0
2022-06-02 00:00:00+00:00,1.0
2022-06-03 00:00:00+00:00,1.0
2022-06-04 00:00:00+00:00,0.9996143601848291
2022-06-05 00:00:00+00:00,0.9989671936599872
2022-06-06 00:00:00+00:00,0.9863529544299869
2022-06-07 00:00:00+00:00,0.9880901661336055
2022-06-08 00:00:00+00:00,0.996178798657771
2022-06-09 00:00:00+00:00,0.9970734127610479
2022-06-10 00:00:00+00:00,1.0067366897384413
2022-06-11 00:00:00+00:00,1.0138191254574331
2022-06-12 00:00:00+00:00,1.030687315378056
2022-06-13 00:00:00+00:00,1.0806622622448143
2022-06-14 00:00:00+00:00,1.0830704346592166
2022-06-15 00:00:00+00:00,1.0798135779406102
2022-06-16 00:00:00+00:00,1.1006312173790977
2022-06-17 00:00:00+00:00,1.0997653472301907
2022-06-18 00:00:00+00:00,1.1146011311881976
2022-06-19 00:00:00+00:00,1.0989448710219119
2022-06-20 00:00:00+00:00,1.0985222518322098
2022-06-21 00:00:00+00:00,1.0974944073841104
2022-06-22 00:00:00+00:00,1.10444119933606
2022-06-23 00:00:00+00:00,1.0936838504621247
2022-06-24 00:00:00+00:00,1.0923316601965318
2022-06-25 00:00:00+00:00,1.0897845294612734
2022-06-26 00:00:00+00:00,1.0943771701068623
2022-06-27 00:00:00+00:00,1.0973464657569816
2022-06-28 00:00:00+00:00,1.102242369312374
2022-06-29 00:00:00+00:00,1.104233137597232
2022-06-30 00:00:00+00:00,1.10802033219175
2022-07-01 00:00:00+00:00,1.1145120902126648
2022-07-02 00:00:00+00:00,1.114858261988412
2022-07-03 00:00:00+00:00,1.114100065282115
2022-07-04 00:00:00+00:00,1.1013907466791186
2022-07-05 00:00:00+00:00,1.101902746394604
2022-07-06 00:00:00+00:00,1.0972182542172582
2022-07-07 00:00:00+00:00,1.08329607487694
2022-07-08 00:00:00+00:00,1.0821693557590955
2022-07-09 00:00:00+00:00,1.0838675579719157
2022-07-10 00:00:00+00:00,1.0934210558537962
2022-07-11 00:00:00+00:00,1.1057142365509243
2022-07-12 00:00:00+00:00,1.1150365745073019
2022-07-13 00:00:00+00:00,1.1021019037152122
2022-07-14 00:00:00+00:00,1.0972445361626553
2022-07-15 00:00:00+00:00,1.0936124492181554
2022-07-16 00:00:00+00:00,1.0887502698294322
2022-07-17 00:00:00+00:00,1.0945208068067152
2022-07-18 00:00:00+00:00,1.0708098830100272
2022-07-19 00:00:00+00:00,1.0605541620168386
2022-07-20 00:00:00+00:00,1.0623046317854958
2022-07-21 00:00:00+00:00,1.0630688722079162
2022-07-22 00:00:00+00:00,1.0685151632069152
2022-07-23 00:00:00+00:00,1.0716475955027456
2022-07-24 00:00:00+00:00,1.0697644668855648
2022-07-25 00:00:00+00:00,1.0866146909794678
2022-07-26 00:00:00+00:00,1.0866146909794678
2022-07-27 00:00:00+00:00,1.0866146909794678
2022-07-28 00:00:00+00:00,1.0866146909794678
2022-07-29 00:00:00+00:00,1.0866146909794678
2022-07-30 00:00:00+00:00,1.0866146909794678
2022-07-31 00:00:00+00:00,1.0866146909794678
2022-08-01 00:00:00+00:00,1.0866146909794678
2022-08-02 00:00:00+00:00,1.0866146909794678
2022-08-03 00:00:00+00:00,1.0866146909794678
2022-08-04 00:00:00+00:00,1.0866146909794678
2022-08-05 00:00:00+00:00,1.0866146909794678
2022-08-06 00:00:00+00:00,1.0866146909794678
2022-08-07 00:00:00+00:00,1.0866146909794678
2022-08-08 00:00:00+00:00,1.0866146909794678
2022-08-09 00:00:00+00:00,1.0866146909794678
2022-08-10 00:00:00+00:00,1.0866146909794678
2022-08-11 00:00:00+00:00,1.0866146909794678
2022-08-12 00:00:00+00:00,1.0866146909794678
2022-08-13 00:00:00+00:00,1.0866146909794678
2022-08-14 00:00:00+00:00,
2022-08-15 00:00:00+00:00,1.0
2022-08-16 00:00:00+00:00,1.0
2022-08-17 00:00:00+00:00,1.0
2022-08-18 00:00:00+00:00,1.0
2022-08-19 00:00:00+00:00,1.0
2022-08-20 00:00:00+00:00,1.0
2022-08-21 00:00:00+00:00,1.0
2022-08-22 00:00:00+00:00,1.0
2022-08-23 00:00:00+00:00,1.0
2022-08-24 00:00:00+00:00,1.0
2022-08-25 00:00:00+00:00,1.0
2022-08-26 00:00:00+00:00,1.0
2022-08-27 00:00:00+00:00,1.0
2022-08-28 00:00:00+00:00,1.0
2022-08-29 00:00:00+00:00,1.0
2022-08-30 00:00:00+00:00,1.0
2022-08-31 00:00:00+00:00,1.0
2022-09-01 00:00:00+00:00,1.0
2022-09-02 00:00:00+00:00,1.0
2022-09-03 00:00:00+00:00,1.0
2022-09-04 00:00:00+00:00,1.0
2022-09-05 00:00:00+00:00,1.0
2022-09-06 00:00:00+00:00,1.0
2022-09-07 00:00:00+00:00,1.0
2022-09-08 00:00:00+00:00,1.0
2022-09-09 00:00:00+00:00,1.0
2022-09-10 00:00:00+00:00,1.0
2022-09-11 00:00:00+00:00,1.0
2022-09-12 00:00:00+00:00,1.0
2022-09-13 00:00:00+00:00,1.0
2022-09-14 00:00:00+00:00,1.0
2022-09-15 00:00:00+00:00,1.0
2022-09-16 00:00:00+00:00,1.0
2022-09-17 00:00:00+00:00,1.0
2022-09-18 00:00:00+00:00,1.0
2022-09-19 00:00:00+00:00,1.0
2022-09-20 00:00:00+00:00,1.0
2022-09-21 00:00:00+00:00,1.0
2022-09-22 00:00:00+00:00,1.0
2022-09-23 00:00:00+00:00,1.0
2022-09-24 00:00:00+00:00,1.0
2022-09-25 00:00:00+00:00,1.0
2022-09-26 00:00:00+00:00,1.0
2022-09-27 00:00:00+00:00,1.0
2022-09-28 00:00:00+00:00,1.0
2022-09-29 00:00:00+00:00,1.0
2022-09-30 00:00:00+00:00,1.0
2022-10-01 00:00:00+00:00,1.0
2022-10-02 00:00:00+00:00,0.9994691417262148
2022-10-03 00:00:00+00:00,0.9889121892057563
2022-10-04 00:00:00+00:00,0.9766638685532603
2022-10-05 00:00:00+00:00,0.9795461401676289
2022-10-06 00:00:00+00:00,0.9830514539918427
2022-10-07 00:00:00+00:00,0.9904007477615154
2022-10-08 00:00:00+00:00,0.992803427517283
2022-10-09 00:00:00+00:00,0.9922100225186092
2022-10-10 00:00:00+00:00,0.9983228814418276
2022-10-11 00:00:00+00:00,1.0001782846046818
2022-10-12 00:00:00+00:00,0.9978794551538116
2022-10-13 00:00:00+00:00,0.9929331375597512
2022-10-14 00:00:00+00:00,0.9973182112474829
2022-10-15 00:00:00+00:00,1.0000367014022014
2022-10-16 00:00:00+00:00,0.9952325818960841
2022-10-17 00:00:00+00:00,0.988449006407116
2022-10-18 00:00:00+00:00,0.9936744977655472
2022-10-19 00:00:00+00:00,0.9985651278460419
2022-10-20 00:00:00+00:00,1.0007824795247322
2022-10-21 00:00:00+00:00,0.9975603165897818
2022-10-22 00:00:00+00:00,0.9965506418073272
2022-10-23 00:00:00+00:00,0.9864989232868246
2022-10-24 00:00:00+00:00,0.9926045703599287
2022-10-25 00:00:00+00:00,0.9718293077600666
2022-10-26 00:00:00+00:00,0.9560554924383327
2022-10-27 00:00:00+00:00,0.966743205172893
2022-10-28 00:00:00+00:00,0.9593812185429126
2022-10-29 00:00:00+00:00,0.9593812185429126
2022-10-30 00:00:00+00:00,0.9593812185429126
2022-10-31 00:00:00+00:00,0.958655206471469
2022-11-01 00:00:00+00:00,0.9583832226792902
2022-11-02 00:00:00+00:00,0.950404458635848
2022-11-03 00:00:00+00:00,0.9516214095475557
2022-11-04 00:00:00+00:00,0.9750842937609177
2022-11-05 00:00:00+00:00,0.977972086105583
2022-11-06 00:00:00+00:00,0.9700400589275985
2022-11-07 00:00:00+00:00,0.9627923594691817
2022-11-08 00:00:00+00:00,0.9146772674391014
2022-11-09 00:00:00+00:00,0.8745387561400391
2022-11-10 00:00:00+00:00,0.8919046188694385
2022-11-11 00:00:00+00:00,0.886858751853928
2022-11-12 00:00:00+00:00,0.886858751853928
2022-11-13 00:00:00+00:00,0.886858751853928
2022-11-14 00:00:00+00:00,0.886605669358913
2022-11-15 00:00:00+00:00,0.8839202820938008
2022-11-16 00:00:00+00:00,0.8861264039287824
2022-11-17 00:00:00+00:00,0.8859239781667019
2022-11-18 00:00:00+00:00,0.8858014823538563
2022-11-19 00:00:00+00:00,0.8856350252225872
2022-11-20 00:00:00+00:00,0.8906464408699073
2022-11-21 00:00:00+00:00,0.8970549600279359
2022-11-22 00:00:00+00:00,0.8917996388641926
2022-11-23 00:00:00+00:00,0.8864174736588579
2022-11-24 00:00:00+00:00,0.8864863192742282
2022-11-25 00:00:00+00:00,0.8875660607888618
2022-11-26 00:00:00+00:00,0.8883444450244092
2022-11-27 00:00:00+00:00,0.8886122973855306
2022-11-28 00:00:00+00:00,0.8919764365230911
2022-11-29 00:00:00+00:00,0.8884818594259478
2022-11-30 00:00:00+00:00,0.8775408805260297
2022-12-01 00:00:00+00:00,0.880425026951653
2022-12-02 00:00:00+00:00,0.8786084106174147
2022-12-03 00:00:00+00:00,0.8813667435829745
2022-12-04 00:00:00+00:00,0.8778449736307328
2022-12-05 00:00:00+00:00,0.880349986301159
2022-12-06 00:00:00+00:00,0.878421100030628
2022-12-07 00:00:00+00:00,0.8825892925853457
2022-12-08 00:00:00+00:00,0.8757790928736926
2022-12-09 00:00:00+00:00,0.8775320084215059
2022-12-10 00:00:00+00:00,0.8775969536853644
2022-12-11 00:00:00+00:00,0.878044227449267
2022-12-12 00:00:00+00:00,
2022-12-13 00:00:00+00:00,1.0
2022-12-14 00:00:00+00:00,1.0
2022-12-15 00:00:00+00:00,1.0
2022-12-16 00:00:00+00:00,1.0
2022-12-17 00:00:00+00:00,1.0
2022-12-18 00:00:00+00:00,1.0
2022-12-19 00:00:00+00:00,1.0
2022-12-20 00:00:00+00:00,1.0
2022-12-21 00:00:00+00:00,1.0
2022-12-22 00:00:00+00:00,1.0
2022-12-23 00:00:00+00:00,1.0
2022-12-24 00:00:00+00:00,1.0
2022-12-25 00:00:00+00:00,1.0
2022-12-26 00:00:00+00:00,1.0
2022-12-27 00:00:00+00:00,1.0
2022-12-28 00:00:00+00:00,1.0
2022-12-29 00:00:00+00:00,1.0
2022-12-30 00:00:00+00:00,1.0
2022-12-31 00:00:00+00:00,1.0
2023-01-01 00:00:00+00:00,1.0
2023-01-02 00:00:00+00:00,1.0
2023-01-03 00:00:00+00:00,1.0
2023-01-04 00:00:00+00:00,1.0
2023-01-05 00:00:00+00:00,1.0
2023-01-06 00:00:00+00:00,1.0
2023-01-07 00:00:00+00:00,1.0
2023-01-08 00:00:00+00:00,1.0
2023-01-09 00:00:00+00:00,1.0
2023-01-10 00:00:00+00:00,1.0
2023-01-11 00:00:00+00:00,1.0
2023-01-12 00:00:00+00:00,1.0
2023-01-13 00:00:00+00:00,1.0
2023-01-14 00:00:00+00:00,1.0
2023-01-15 00:00:00+00:00,1.0
2023-01-16 00:00:00+00:00,1.0
2023-01-17 00:00:00+00:00,1.0
2023-01-18 00:00:00+00:00,1.0
2023-01-19 00:00:00+00:00,1.0
2023-01-20 00:00:00+00:00,1.0
2023-01-21 00:00:00+00:00,1.0
2023-01-22 00:00:00+00:00,1.0
2023-01-23 00:00:00+00:00,1.0
2023-01-24 00:00:00+00:00,1.0
2023-01-25 00:00:00+00:00,1.0
2023-01-26 00:00:00+00:00,1.0
2023-01-27 00:00:00+00:00,1.0
2023-01-28 00:00:00+00:00,1.0
2023-01-29 00:00:00+00:00,1.0
2023-01-30 00:00:00+00:00,0.9994266463846013
2023-01-31 00:00:00+00:00,1.0043925614277518
2023-02-01 00:00:00+00:00,1.0143232840475562
2023-02-02 00:00:00+00:00,1.009975179902899
2023-02-03 00:00:00+00:00,1.0095637925858212
2023-02-04 00:00:00+00:00,1.0074351155967725
2023-02-05 00:00:00+00:00,1.000464046983719
2023-02-06 00:00:00+00:00,0.9968073013442619
2023-02-07 00:00:00+00:00,1.0063516642864583
2023-02-08 00:00:00+00:00,1.0001309409209869
2023-02-09 00:00:00+00:00,0.9780831609537926
2023-02-10 00:00:00+00:00,0.9751792249132634
2023-02-11 00:00:00+00:00,0.9790519790246069
2023-02-12 00:00:00+00:00,0.9775309245037666
2023-02-13 00:00:00+00:00,0.9778836339220888
2023-02-14 00:00:00+00:00,0.9858418450594769
2023-02-15 00:00:00+00:00,1.0251274081726742
2023-02-16 00:00:00+00:00,1.016044203753969
2023-02-17 00:00:00+00:00,1.0283489418773626
2023-02-18 00:00:00+00:00,1.0293016973965938
2023-02-19 00:00:00+00:00,1.025131408030493
2023-02-20 00:00:00+00:00,1.031881654153197
2023-02-21 00:00:00+00:00,1.0264521979561532
2023-02-22 00:00:00+00:00,1.0229483389971605
2023-02-23 00:00:00+00:00,1.019426276102484
2023-02-24 00:00:00+00:00,1.0080976390027296
2023-02-25 00:00:00+00:00,1.007739823045625
2023-02-26 00:00:00+00:00,1.0136630807377445
2023-02-27 00:00:00+00:00,1.013044674652714
2023-02-28 00:00:00+00:00,1.0069292752429682
2023-03-01 00:00:00+00:00,1.0151654157337928
2023-03-02 00:00:00+00:00,1.0123067307512033
2023-03-03 00:00:00+00:00,0.9929103328062704
2023-03-04 00:00:00+00:00,0.9927425172916341
2023-03-05 00:00:00+00:00,0.9940854403805207
2023-03-06 00:00:00+00:00,0.9939676952207026
2023-03-07 00:00:00+00:00,0.9896574824364973
2023-03-08 00:00:00+00:00,0.9896574824364973
2023-03-09 00:00:00+00:00,0.9896574824364973
2023-03-10 00:00:00+00:00,0.9891183468514687
2023-03-11 00:00:00+00:00,0.981308003658529
2023-03-12 00:00:00+00:00,0.9561880633634003
2023-03-13 00:00:00+00:00,0.9315115301622948
2023-03-14 00:00:00+00:00,0.9263041237374152
2023-03-15 00:00:00+00:00,0.9298813228484757
2023-03-16 00:00:00+00:00,0.9232226401202788
2023-03-17 00:00:00+00:00,0.9011097804822494
2023-03-18 00:00:00+00:00,0.9043742470879269
2023-03-19 00:00:00+00:00,0.9040441521251432
2023-03-20 00:00:00+00:00,0.901898579695309
2023-03-21 00:00:00+00:00,0.9051745792428084
2023-03-22 00:00:00+00:00,0.8979066681624494
2023-03-23 00:00:00+00:00,0.9063982683013831
2023-03-24 00:00:00+00:00,0.8993622906822335
2023-03-25 00:00:00+00:00,0.8993629544938236
2023-03-26 00:00:00+00:00,0.9036658241655798
2023-03-27 00:00:00+00:00,0.8960256821669481
2023-03-28 00:00:00+00:00,0.8971629449190506
2023-03-29 00:00:00+00:00,0.907019413337866
2023-03-30 00:00:00+00:00,0.9041638562307569
2023-03-31 00:00:00+00:00,0.9082625605362388
2023-04-01 00:00:00+00:00,0.907610582685609
2023-04-02 00:00:00+00:00,0.905522584086708
2023-04-03 00:00:00+00:00,0.9013610903524172
2023-04-04 00:00:00+00:00,0.9052595586482319
2023-04-05 00:00:00+00:00,0.9053497123532339
2023-04-06 00:00:00+00:00,0.9038657056383694
2023-04-07 00:00:00+00:00,0.9025086837260509
2023-04-08 00:00:00+00:00,0.9027490971789669
2023-04-09 00:00:00+00:00,0.9073776205194053
2023-04-10 00:00:00+00:00,0.9234000066239221
2023-04-11 00:00:00+00:00,
2023-04-12 00:00:00+00:00,1.0
2023-04-13 00:00:00+00:00,1.0
2023-04-14 00:00:00+00:00,1.0
2023-04-15 00:00:00+00:00,1.0
2023-04-16 00:00:00+00:00,1.0
2023-04-17 00:00:00+00:00,1.0
2023-04-18 00:00:00+00:00,1.0
2023-04-19 00:00:00+00:00,1.0
2023-04-20 00:00:00+00:00,1.0
2023-04-21 00:00:00+00:00,1.0
2023-04-22 00:00:00+00:00,1.0
2023-04-23 00:00:00+00:00,1.0
2023-04-24 00:00:00+00:00,1.0
2023-04-25 00:00:00+00:00,1.0
2023-04-26 00:00:00+00:00,1.0
2023-04-27 00:00:00+00:00,1.0
2023-04-28 00:00:00+00:00,1.0
2023-04-29 00:00:00+00:00,1.0
2023-04-30 00:00:00+00:00,1.0
2023-05-01 00:00:00+00:00,1.0
2023-05-02 00:00:00+00:00,1.0
2023-05-03 00:00:00+00:00,1.0
2023-05-04 00:00:00+00:00,1.0
2023-05-05 00:00:00+00:00,1.0
2023-05-06 00:00:00+00:00,1.0
2023-05-07 00:00:00+00:00,1.0
2023-05-08 00:00:00+00:00,1.0
2023-05-09 00:00:00+00:00,1.0
2023-05-10 00:00:00+00:00,1.0
2023-05-11 00:00:00+00:00,1.0
2023-05-12 00:00:00+00:00,1.0
2023-05-13 00:00:00+00:00,1.0
2023-05-14 00:00:00+00:00,1.0
2023-05-15 00:00:00+00:00,1.0
2023-05-16 00:00:00+00:00,1.0
2023-05-17 00:00:00+00:00,1.0
2023-05-18 00:00:00+00:00,1.0
2023-05-19 00:00:00+00:00,1.0
2023-05-20 00:00:00+00:00,1.0
2023-05-21 00:00:00+00:00,1.0
2023-05-22 00:00:00+00:00,1.0
2023-05-23 00:00:00+00:00,1.0
2023-05-24 00:00:00+00:00,1.0
2023-05-25 00:00:00+00:00,1.0
2023-05-26 00:00:00+00:00,1.0
2023-05-27 00:00:00+00:00,1.0
2023-05-28 00:00:00+00:00,1.0
2023-05-29 00:00:00+00:00,1.0
2023-05-30 00:00:00+00:00,0.9992190330805659
2023-05-31 00:00:00+00:00,1.0084075875669216
2023-06-01 00:00:00+00:00,1.0162122686475377
2023-06-02 00:00:00+00:00,1.0076981666748437
2023-06-03 00:00:00+00:00,1.0111115924943526
2023-06-04 00:00:00+00:00,1.0101887824837787
2023-06-05 00:00:00+00:00,1.039770931610072
2023-06-06 00:00:00+00:00,1.0132903724358062
2023-06-07 00:00:00+00:00,1.0261844701052028
2023-06-08 00:00:00+00:00,1.023830586884752
2023-06-09 00:00:00+00:00,1.024222341476739
2023-06-10 00:00:00+00:00,1.0340067408920044
2023-06-11 00:00:00+00:00,1.032576698524517
2023-06-12 00:00:00+00:00,1.0331706119402368
2023-06-13 00:00:00+00:00,1.032874583500774
2023-06-14 00:00:00+00:00,1.04702999542013
2023-06-15 00:00:00+00:00,1.0390687742359095
2023-06-16 00:00:00+00:00,1.0262367212836563
2023-06-17 00:00:00+00:00,1.0232669043050333
2023-06-18 00:00:00+00:00,1.0261396466278252
2023-06-19 00:00:00+00:00,1.0174139707118017
2023-06-20 00:00:00+00:00,0.9934818377931807
2023-06-21 00:00:00+00:00,0.9713530776461253
2023-06-22 00:00:00+00:00,0.9726293364385676
2023-06-23 00:00:00+00:00,0.963216204354841
2023-06-24 00:00:00+00:00,0.963216204354841
2023-06-25 00:00:00+00:00,0.9626649041522872
2023-06-26 00:00:00+00:00,0.9601254006257819
2023-06-27 00:00:00+00:00,0.9652560574438596
2023-06-28 00:00:00+00:00,0.9575854959872147
2023-06-29 00:00:00+00:00,0.9621253374553468
2023-06-30 00:00:00+00:00,0.9625213772410759
2023-07-01 00:00:00+00:00,0.964016763404715
2023-07-02 00:00:00+00:00,0.9644216251663456
2023-07-03 00:00:00+00:00,0.9720458445100577
2023-07-04 00:00:00+00:00,0.9665329995880398
2023-07-05 00:00:00+00:00,0.9626333698712919
2023-07-06 00:00:00+00:00,0.9534530386743234
2023-07-07 00:00:00+00:00,0.9599412244689722
2023-07-08 00:00:00+00:00,0.959159221703578
2023-07-09 00:00:00+00:00,0.9572221458442504
2023-07-10 00:00:00+00:00,0.9611524224511557
2023-07-11 00:00:00+00:00,0.9645722444194004
2023-07-12 00:00:00+00:00,0.960607930861089
2023-07-13 00:00:00+00:00,0.979509883028669
2023-07-14 00:00:00+00:00,0.9609761037023066
2023-07-15 00:00:00+00:00,0.960395247845909
2023-07-16 00:00:00+00:00,0.9596676821851015
2023-07-17 00:00:00+00:00,0.9580322153195225
2023-07-18 00:00:00+00:00,0.953335929346345
2023-07-19 00:00:00+00:00,0.9542620370814419
2023-07-20 00:00:00+00:00,0.9521475242237354
2023-07-21 00:00:00+00:00,0.9541871946335562
2023-07-22 00:00:00+00:00,0.9516613047003393
2023-07-23 00:00:00+00:00,0.9575256370331642
2023-07-24 00:00:00+00:00,0.9399930762694215
2023-07-25 00:00:00+00:00,0.9408661215107632
2023-07-26 00:00:00+00:00,0.9431843745546631
2023-07-27 00:00:00+00:00,0.9404292838933357
2023-07-28 00:00:00+00:00,0.9425217858990199
2023-07-29 00:00:00+00:00,0.9432493781424597
2023-07-30 00:00:00+00:00,0.9415242934039223
2023-07-31 00:00:00+00:00,0.9396126076432214
2023-08-01 00:00:00+00:00,0.9396126076432214
2023-08-02 00:00:00+00:00,0.9396126076432214
2023-08-03 00:00:00+00:00,0.9396126076432214
2023-08-04 00:00:00+00:00,0.9396126076432214
2023-08-05 00:00:00+00:00,0.9396126076432214
2023-08-06 00:00:00+00:00,0.9396126076432214
2023-08-07 00:00:00+00:00,0.9396126076432214
2023-08-08 00:00:00+00:00,0.9396126076432214
2023-08-09 00:00:00+00:00,
2023-08-10 00:00:00+00:00,1.0
2023-08-11 00:00:00+00:00,1.0
2023-08-12 00:00:00+00:00,1.0
2023-08-13 00:00:00+00:00,1.0
2023-08-14 00:00:00+00:00,1.0
2023-08-15 00:00:00+00:00,1.0
2023-08-16 00:00:00+00:00,1.0
2023-08-17 00:00:00+00:00,1.0
2023-08-18 00:00:00+00:00,1.0
2023-08-19 00:00:00+00:00,1.0
2023-08-20 00:00:00+00:00,1.0
2023-08-21 00:00:00+00:00,1.0
2023-08-22 00:00:00+00:00,1.0
2023-08-23 00:00:00+00:00,1.0
2023-08-24 00:00:00+00:00,1.0
2023-08-25 00:00:00+00:00,1.0
2023-08-26 00:00:00+00:00,1.0
2023-08-27 00:00:00+00:00,1.0
2023-08-28 00:00:00+00:00,1.0
2023-08-29 00:00:00+00:00,1.0
2023-08-30 00:00:00+00:00,1.0
2023-08-31 00:00:00+00:00,1.0
2023-09-01 00:00:00+00:00,1.0
2023-09-02 00:00:00+00:00,1.0
2023-09-03 00:00:00+00:00,1.0
2023-09-04 00:00:00+00:00,1.0
2023-09-05 00:00:00+00:00,1.0
2023-09-06 00:00:00+00:00,1.0
2023-09-07 00:00:00+00:00,1.0
2023-09-08 00:00:00+00:00,1.0
2023-09-09 00:00:00+00:00,1.0
2023-09-10 00:00:00+00:00,1.0
2023-09-11 00:00:00+00:00,1.0
2023-09-12 00:00:00+00:00,1.0
2023-09-13 00:00:00+00:00,1.0
2023-09-14 00:00:00+00:00,1.0
2023-09-15 00:00:00+00:00,1.0
2023-09-16 00:00:00+00:00,1.0
2023-09-17 00:00:00+00:00,1.0
2023-09-18 00:00:00+00:00,1.0
2023-09-19 00:00:00+00:00,1.0
2023-09-20 00:00:00+00:00,1.0
2023-09-21 00:00:00+00:00,1.0
2023-09-22 00:00:00+00:00,1.0
2023-09-23 00:00:00+00:00,1.0
2023-09-24 00:00:00+00:00,1.0
2023-09-25 00:00:00+00:00,1.0
2023-09-26 00:00:00+00:00,1.0
2023-09-27 00:00:00+00:00,0.9989871738840251
2023-09-28 00:00:00+00:00,0.982149278428203
2023-09-29 00:00:00+00:00,0.9846482532955206
2023-09-30 00:00:00+00:00,0.9832820648575491
2023-10-01 00:00:00+00:00,0.9573620188596892
2023-10-02 00:00:00+00:00,0.9483594830442204
2023-10-03 00:00:00+00:00,0.9463486766735523
2023-10-04 00:00:00+00:00,0.9538191325304448
2023-10-05 00:00:00+00:00,0.9459292450025817
2023-10-06 00:00:00+00:00,0.9568248713836098
2023-10-07 00:00:00+00:00,0.9572477955266924
2023-10-08 00:00:00+00:00,0.9565113026832455
2023-10-09 00:00:00+00:00,0.948879140001745
2023-10-10 00:00:00+00:00,0.9446510537224699
2023-10-11 00:00:00+00:00,0.9330026048046635
2023-10-12 00:00:00+00:00,0.9304092848918056
2023-10-13 00:00:00+00:00,0.9327802344362078
2023-10-14 00:00:00+00:00,0.9327327120730946
2023-10-15 00:00:00+00:00,0.9399139271783497
2023-10-16 00:00:00+00:00,0.9724989037951798
2023-10-17 00:00:00+00:00,0.9705981618909758
2023-10-18 00:00:00+00:00,0.9689434422538751
2023-10-19 00:00:00+00:00,0.9764333806319654
2023-10-20 00:00:00+00:00,0.9950042803615512
2023-10-21 00:00:00+00:00,0.9992064502073548
2023-10-22 00:00:00+00:00,1.0005760865684392
2023-10-23 00:00:00+00:00,1.0580451024676276
2023-10-24 00:00:00+00:00,1.0667001983855087
2023-10-25 00:00:00+00:00,1.0731544872924836
2023-10-26 00:00:00+00:00,1.069311166207214
2023-10-27 00:00:00+00:00,1.066521044769395
2023-10-28 00:00:00+00:00,1.0685638248693567
2023-10-29 00:00:00+00:00,1.0738314736510801
2023-10-30 00:00:00+00:00,1.0733764853936856
2023-10-31 00:00:00+00:00,1.0754131545333516
2023-11-01 00:00:00+00:00,1.085206857921999
2023-11-02 00:00:00+00:00,1.0787157187327208
2023-11-03 00:00:00+00:00,1.0760163014730857
2023-11-04 00:00:00+00:00,1.0806450405080825
2023-11-05 00:00:00+00:00,1.0801743169715772
2023-11-06 00:00:00+00:00,1.0799832123875168
2023-11-07 00:00:00+00:00,1.0858402677474843
2023-11-08 00:00:00+00:00,1.0889611890805062
2023-11-09 00:00:00+00:00,1.1047673126791662
2023-11-10 00:00:00+00:00,1.1139998465050784
2023-11-11 00:00:00+00:00,1.1113017480436265
2023-11-12 00:00:00+00:00,1.1099836460612742
2023-11-13 00:00:00+00:00,1.1011535827110104
2023-11-14 00:00:00+00:00,1.085786941208478
2023-11-15 00:00:00+00:00,1.1201579624829063
2023-11-16 00:00:00+00:00,1.0996781410241387
2023-11-17 00:00:00+00:00,1.1043755742692787
2023-11-18 00:00:00+00:00,1.1042355908531047
2023-11-19 00:00:00+00:00,1.113225056966236
2023-11-20 00:00:00+00:00,1.11423013464635
2023-11-21 00:00:00+00:00,1.094404612466194
2023-11-22 00:00:00+00:00,1.111834235495647
2023-11-23 00:00:00+00:00,1.1103652924949465
2023-11-24 00:00:00+00:00,1.1148500113060875
2023-11-25 00:00:00+00:00,1.11565103676617
2023-11-26 00:00:00+00:00,1.1121032025296336
2023-11-27 00:00:00+00:00,1.1095094261109724
2023-11-28 00:00:00+00:00,1.1162683953271515
2023-11-29 00:00:00+00:00,1.1165739297646868
2023-11-30 00:00:00+00:00,1.1147476329230879
2023-12-01 00:00:00+00:00,1.1271236539583818
2023-12-02 00:00:00+00:00,1.1369623861292555
2023-12-03 00:00:00+00:00,1.1432655211610208
2023-12-04 00:00:00+00:00,1.1687402517433558
2023-12-05 00:00:00+00:00,1.1925121513421124
2023-12-06 00:00:00+00:00,1.1889763421420638
2023-12-07 00:00:00+00:00,
2023-12-08 00:00:00+00:00,1.0
2023-12-09 00:00:00+00:00,1.0
2023-12-10 00:00:00+00:00,1.0
2023-12-11 00:00:00+00:00,1.0
2023-12-12 00:00:00+00:00,1.0
2023-12-13 00:00:00+00:00,1.0
2023-12-14 00:00:00+00:00,1.0
2023-12-15 00:00:00+00:00,1.0
2023-12-16 00:00:00+00:00,1.0
2023-12-17 00:00:00+00:00,1.0
2023-12-18 00:00:00+00:00,1.0
2023-12-19 00:00:00+00:00,1.0
2023-12-20 00:00:00+00:00,1.0
2023-12-21 00:00:00+00:00,1.0
2023-12-22 00:00:00+00:00,1.0
2023-12-23 00:00:00+00:00,1.0
2023-12-24 00:00:00+00:00,1.0
2023-12-25 00:00:00+00:00,1.0
2023-12-26 00:00:00+00:00,1.0
2023-12-27 00:00:00+00:00,1.0
2023-12-28 00:00:00+00:00,1.0
2023-12-29 00:00:00+00:00,1.0
2023-12-30 00:00:00+00:00,1.0
2023-12-31 00:00:00+00:00,1.0
2024-01-01 00:00:00+00:00,1.0
2024-01-02 00:00:00+00:00,1.0
2024-01-03 00:00:00+00:00,1.0
2024-01-04 00:00:00+00:00,1.0
2024-01-05 00:00:00+00:00,1.0
2024-01-06 00:00:00+00:00,1.0
2024-01-07 00:00:00+00:00,1.0
2024-01-08 00:00:00+00:00,1.0
2024-01-09 00:00:00+00:00,1.0
2024-01-10 00:00:00+00:00,1.0
2024-01-11 00:00:00+00:00,1.0
2024-01-12 00:00:00+00:00,1.0
2024-01-13 00:00:00+00:00,1.0
2024-01-14 00:00:00+00:00,1.0
2024-01-15 00:00:00+00:00,1.0
2024-01-16 00:00:00+00:00,1.0
2024-01-17 00:00:00+00:00,1.0
2024-01-18 00:00:00+00:00,1.0
2024-01-19 00:00:00+00:00,1.0
2024-01-20 00:00:00+00:00,1.0
2024-01-21 00:00:00+00:00,1.0
2024-01-22 00:00:00+00:00,1.0
2024-01-23 00:00:00+00:00,1.0
2024-01-24 00:00:00+00:00,1.0
2024-01-25 00:00:00+00:00,0.9994507850214508
2024-01-26 00:00:00+00:00,0.9826869154637073
2024-01-27 00:00:00+00:00,0.9802637637755366
2024-01-28 00:00:00+00:00,0.9809358429741996
2024-01-29 00:00:00+00:00,0.9705581264002223
2024-01-30 00:00:00+00:00,0.9732643761298012
2024-01-31 00:00:00+00:00,0.9763710816748735
2024-02-01 00:00:00+00:00,0.9720842430525511
2024-02-02 00:00:00+00:00,0.9710945769058345
2024-02-03 00:00:00+00:00,0.9728427223618049
2024-02-04 00:00:00+00:00,0.9767121560166622
2024-02-05 00:00:00+00:00,0.9759542949630393
2024-02-06 00:00:00+00:00,0.9716521738226989
2024-02-07 00:00:00+00:00,0.9586007027340514
2024-02-08 00:00:00+00:00,0.9586007027340514
2024-02-09 00:00:00+00:00,0.9586007027340514
2024-02-10 00:00:00+00:00,0.9586007027340514
2024-02-11 00:00:00+00:00,0.9579502069619127
2024-02-12 00:00:00+00:00,0.9727394685592995
2024-02-13 00:00:00+00:00,0.9708572342906362
2024-02-14 00:00:00+00:00,0.9890700862547845
2024-02-15 00:00:00+00:00,0.9899770066063079
2024-02-16 00:00:00+00:00,0.9918406947801066
2024-02-17 00:00:00+00:00,0.987468827321921
2024-02-18 00:00:00+00:00,0.9915070116192938
2024-02-19 00:00:00+00:00,0.9883605931045055
2024-02-20 00:00:00+00:00,0.9930206177181258
2024-02-21 00:00:00+00:00,0.9887491095093703
2024-02-22 00:00:00+00:00,0.9835572747806219
2024-02-23 00:00:00+00:00,0.9779182295985384
2024-02-24 00:00:00+00:00,0.9862052937969695
2024-02-25 00:00:00+00:00,0.9878057796847333
2024-02-26 00:00:00+00:00,1.016227640260113
2024-02-27 00:00:00+00:00,1.0377904876720412
2024-02-28 00:00:00+00:00,1.0786599601231956
2024-02-29 00:00:00+00:00,1.071333264091761
2024-03-01 00:00:00+00:00,1.0781649164176828
2024-03-02 00:00:00+00:00,1.0758294502976529
2024-03-03 00:00:00+00:00,1.0823403707304589
2024-03-04 00:00:00+00:00,1.1118987039963932
2024-03-05 00:00:00+00:00,1.089014940093852
2024-03-06 00:00:00+00:00,1.0989153642127774
2024-03-07 00:00:00+00:00,1.1024252282669058
2024-03-08 00:00:00+00:00,1.1084560492247761
2024-03-09 00:00:00+00:00,1.1093368329256406
2024-03-10 00:00:00+00:00,1.1117288756056265
2024-03-11 00:00:00+00:00,1.1262822438457922
2024-03-12 00:00:00+00:00,1.1232927569973015
2024-03-13 00:00:00+00:00,1.1307937094718816
2024-03-14 00:00:00+00:00,1.122625452488617
2024-03-15 00:00:00+00:00,1.1129310352405763
2024-03-16 00:00:00+00:00,1.09275959878189
2024-03-17 00:00:00+00:00,1.1064125886085352
2024-03-18 00:00:00+00:00,1.1027528955851482
2024-03-19 00:00:00+00:00,1.0767644792474675
2024-03-20 00:00:00+00:00,1.1000948915293947
2024-03-21 00:00:00+00:00,1.0918636889838358
2024-03-22 00:00:00+00:00,1.0858558630127506
2024-03-23 00:00:00+00:00,1.0868659383361028
2024-03-24 00:00:00+00:00,1.0984412739247562
2024-03-25 00:00:00+00:00,1.1079976913404825
2024-03-26 00:00:00+00:00,1.1080869326933884
2024-03-27 00:00:00+00:00,1.1061477117323586
2024-03-28 00:00:00+00:00,1.1109255950045658
2024-03-29 00:00:00+00:00,1.1076623117832327
2024-03-30 00:00:00+00:00,1.1066734497356798
2024-03-31 00:00:00+00:00,1.1134796587189433
2024-04-01 00:00:00+00:00,1.1067294433278752
2024-04-02 00:00:00+00:00,1.0883176274054343
2024-04-03 00:00:00+00:00,1.090493212562463
2024-04-04 00:00:00+00:00,1.101008955751068
2024-04-05 00:00:00+00:00,
2024-04-06 00:00:00+00:00,1.0
2024-04-07 00:00:00+00:00,1.0
2024-04-08 00:00:00+00:00,1.0
2024-04-09 00:00:00+00:00,1.0
2024-04-10 00:00:00+00:00,1.0
2024-04-11 00:00:00+00:00,1.0
2024-04-12 00:00:00+00:00,1.0
2024-04-13 00:00:00+00:00,1.0
2024-04-14 00:00:00+00:00,1.0
2024-04-15 00:00:00+00:00,1.0
2024-04-16 00:00:00+00:00,1.0
2024-04-17 00:00:00+00:00,1.0
2024-04-18 00:00:00+00:00,1.0
2024-04-19 00:00:00+00:00,1.0
2024-04-20 00:00:00+00:00,1.0
2024-04-21 00:00:00+00:00,1.0
2024-04-22 00:00:00+00:00,1.0
2024-04-23 00:00:00+00:00,1.0
2024-04-24 00:00:00+00:00,1.0
2024-04-25 00:00:00+00:00,1.0
2024-04-26 00:00:00+00:00,1.0
2024-04-27 00:00:00+00:00,1.0
2024-04-28 00:00:00+00:00,1.0
2024-04-29 00:00:00+00:00,1.0
2024-04-30 00:00:00+00:00,1.0
2024-05-01 00:00:00+00:00,1.0
2024-05-02 00:00:00+00:00,1.0
2024-05-03 00:00:00+00:00,1.0
2024-05-04 00:00:00+00:00,1.0
2024-05-05 00:00:00+00:00,1.0
2024-05-06 00:00:00+00:00,1.0
2024-05-07 00:00:00+00:00,1.0
2024-05-08 00:00:00+00:00,1.0
2024-05-09 00:00:00+00:00,1.0
2024-05-10 00:00:00+00:00,1.0
2024-05-11 00:00:00+00:00,1.0
2024-05-12 00:00:00+00:00,1.0
2024-05-13 00:00:00+00:00,1.0
2024-05-14 00:00:00+00:00,1.0
2024-05-15 00:00:00+00:00,1.0
2024-05-16 00:00:00+00:00,1.0
2024-05-17 00:00:00+00:00,1.0
2024-05-18 00:00:00+00:00,1.0
2024-05-19 00:00:00+00:00,1.0
2024-05-20 00:00:00+00:00,1.0
2024-05-21 00:00:00+00:00,1.0
2024-05-22 00:00:00+00:00,1.0
2024-05-23 00:00:00+00:00,1.0
2024-05-24 00:00:00+00:00,1.0
2024-05-25 00:00:00+00:00,0.9995134529174164
2024-05-26 00:00:00+00:00,0.9959872658564747
2024-05-27 00:00:00+00:00,1.0001908713443464
2024-05-28 00:00:00+00:00,0.9947310822628836
2024-05-29 00:00:00+00:00,0.991062298477504
2024-05-30 00:00:00+00:00,0.9951551097044913
2024-05-31 00:00:00+00:00,0.9904475524526001
2024-06-01 00:00:00+00:00,0.9916163520270767
2024-06-02 00:00:00+00:00,0.9918508797618182
2024-06-03 00:00:00+00:00,0.9980033476907645
2024-06-04 00:00:00+00:00,1.0084228848445271
2024-06-05 00:00:00+00:00,1.0114209021979268
2024-06-06 00:00:00+00:00,1.009432140600621
2024-06-07 00:00:00+00:00,1.0005624388003502
2024-06-08 00:00:00+00:00,1.00030968829909
2024-06-09 00:00:00+00:00,1.0025030900584528
2024-06-10 00:00:00+00:00,1.0015732807542748
2024-06-11 00:00:00+00:00,0.9863549628951173
2024-06-12 00:00:00+00:00,0.9923598695655393
2024-06-13 00:00:00+00:00,0.9823192988897276
2024-06-14 00:00:00+00:00,0.9772458149677619
2024-06-15 00:00:00+00:00,0.9784779791400312
2024-06-16 00:00:00+00:00,0.9816750711456103
2024-06-17 00:00:00+00:00,0.9805536598497696
2024-06-18 00:00:00+00:00,0.9702100097418139
2024-06-19 00:00:00+00:00,0.9687990163819918
2024-06-20 00:00:00+00:00,0.9669798348889279
2024-06-21 00:00:00+00:00,0.9669798348889279
2024-06-22 00:00:00+00:00,0.9669798348889279
2024-06-23 00:00:00+00:00,0.9669798348889279
2024-06-24 00:00:00+00:00,0.9669798348889279
2024-06-25 00:00:00+00:00,0.9662945588902907
2024-06-26 00:00:00+00:00,0.9737078086779221
2024-06-27 00:00:00+00:00,0.9676269764073064
2024-06-28 00:00:00+00:00,0.9775786907604651
2024-06-29 00:00:00+00:00,0.9730981423930836
2024-06-30 00:00:00+00:00,0.9591333028172848
2024-07-01 00:00:00+00:00,0.9578676557053339
2024-07-02 00:00:00+00:00,0.9639829843369833
2024-07-03 00:00:00+00:00,0.978547047923942
2024-07-04 00:00:00+00:00,1.0043258203410603
2024-07-05 00:00:00+00:00,1.0066080019013404
2024-07-06 00:00:00+00:00,0.9943904621061505
2024-07-07 00:00:00+00:00,1.0119213213211973
2024-07-08 00:00:00+00:00,1.00597114193363
2024-07-09 00:00:00+00:00,0.997092003330321
2024-07-10 00:00:00+00:00,0.9988442597478548
2024-07-11 00:00:00+00:00,1.0015767344331832
2024-07-12 00:00:00+00:00,0.9976038467179423
2024-07-13 00:00:00+00:00,0.9881002260807386
2024-07-14 00:00:00+00:00,0.9774850407006982
2024-07-15 00:00:00+00:00,0.951651481044584
2024-07-16 00:00:00+00:00,0.9504954126072969
2024-07-17 00:00:00+00:00,0.9556050361930244
2024-07-18 00:00:00+00:00,0.9563666758326428
2024-07-19 00:00:00+00:00,0.9415584833727362
2024-07-20 00:00:00+00:00,0.9392653148674154
2024-07-21 00:00:00+00:00,0.9336813114288743
2024-07-22 00:00:00+00:00,0.9336813114288743
2024-07-23 00:00:00+00:00,0.9336813114288743
2024-07-24 00:00:00+00:00,0.9336813114288743
2024-07-25 00:00:00+00:00,0.9336813114288743
2024-07-26 00:00:00+00:00,0.9336813114288743
2024-07-27 00:00:00+00:00,0.9336813114288743
2024-07-28 00:00:00+00:00,0.9336813114288743
2024-07-29 00:00:00+00:00,0.9336813114288743
2024-07-30 00:00:00+00:00,0.9330758822297311
2024-07-31 00:00:00+00:00,0.9233619939310092
2024-08-01 00:00:00+00:00,0.9278409031446696
2024-08-02 00:00:00+00:00,0.9027874178684153
2024-08-03 00:00:00+00:00,
2024-08-04 00:00:00+00:00,1.0
2024-08-05 00:00:00+00:00,1.0
2024-08-06 00:00:00+00:00,1.0
2024-08-07 00:00:00+00:00,1.0
2024-08-08 00:00:00+00:00,1.0
2024-08-09 00:00:00+00:00,1.0
2024-08-10 00:00:00+00:00,1.0
2024-08-11 00:00:00+00:00,1.0
2024-08-12 00:00:00+00:00,1.0
2024-08-13 00:00:00+00:00,1.0
2024-08-14 00:00:00+00:00,1.0
2024-08-15 00:00:00+00:00,1.0
2024-08-16 00:00:00+00:00,1.0
2024-08-17 00:00:00+00:00,1.0
2024-08-18 00:00:00+00:00,1.0
2024-08-19 00:00:00+00:00,1.0
2024-08-20 00:00:00+00:00,1.0
2024-08-21 00:00:00+00:00,1.0
2024-08-22 00:00:00+00:00,1.0
2024-08-23 00:00:00+00:00,1.0
2024-08-24 00:00:00+00:00,1.0
2024-08-25 00:00:00+00:00,1.0
2024-08-26 00:00:00+00:00,1.0
2024-08-27 00:00:00+00:00,1.0
2024-08-28 00:00:00+00:00,1.0
2024-08-29 00:00:00+00:00,1.0
2024-08-30 00:00:00+00:00,1.0
2024-08-31 00:00:00+00:00,1.0
2024-09-01 00:00:00+00:00,1.0
2024-09-02 00:00:00+00:00,1.0
2024-09-03 00:00:00+00:00,1.0
2024-09-04 00:00:00+00:00,1.0
2024-09-05 00:00:00+00:00,1.0
2024-09-06 00:00:00+00:00,1.0
2024-09-07 00:00:00+00:00,1.0
2024-09-08 00:00:00+00:00,1.0
2024-09-09 00:00:00+00:00,1.0
2024-09-10 00:00:00+00:00,1.0
2024-09-11 00:00:00+00:00,1.0
2024-09-12 00:00:00+00:00,1.0
2024-09-13 00:00:00+00:00,1.0
2024-09-14 00:00:00+00:00,1.0
2024-09-15 00:00:00+00:00,1.0
2024-09-16 00:00:00+00:00,1.0
2024-09-17 00:00:00+00:00,1.0
2024-09-18 00:00:00+00:00,1.0
2024-09-19 00:00:00+00:00,1.0
2024-09-20 00:00:00+00:00,1.0
2024-09-21 00:00:00+00:00,1.0
2024-09-22 00:00:00+00:00,1.0
2024-09-23 00:00:00+00:00,1.0
2024-09-24 00:00:00+00:00,1.0
2024-09-25 00:00:00+00:00,0.9993872825636617
2024-09-26 00:00:00+00:00,1.0124303977620046
2024-09-27 00:00:00+00:00,1.0161924162716318
2024-09-28 00:00:00+00:00,1.016790079145935
2024-09-29 00:00:00+00:00,1.0151055500107113
2024-09-30 00:00:00+00:00,0.999219904864106
2024-10-01 00:00:00+00:00,0.9828066834939755
2024-10-02 00:00:00+00:00,0.9815112808663744
2024-10-03 00:00:00+00:00,0.9823101729126208
2024-10-04 00:00:00+00:00,0.9909815255173134
2024-10-05 00:00:00+00:00,0.9911088743922752
2024-10-06 00:00:00+00:00,0.9960456453507118
2024-10-07 00:00:00+00:00,0.991979895915855
2024-10-08 00:00:00+00:00,0.9912077862831917
2024-10-09 00:00:00+00:00,0.9796434922532739
2024-10-10 00:00:00+00:00,0.9773439921817862
2024-10-11 00:00:00+00:00,0.9937639428769028
2024-10-12 00:00:00+00:00,0.998965831637944
2024-10-13 00:00:00+00:00,0.9965086250763134
2024-10-14 00:00:00+00:00,1.0196254606214203
2024-10-15 00:00:00+00:00,1.0258481346149446
2024-10-16 00:00:00+00:00,1.0294795744541736
2024-10-17 00:00:00+00:00,1.0280571542896682
2024-10-18 00:00:00+00:00,1.0349284826238931
2024-10-19 00:00:00+00:00,1.034519379986429
2024-10-20 00:00:00+00:00,1.0390348653882207
2024-10-21 00:00:00+00:00,1.0269863845146376
2024-10-22 00:00:00+00:00,1.026916461518168
2024-10-23 00:00:00+00:00,1.020025193071015
2024-10-24 00:00:00+00:00,1.0329030845279505
2024-10-25 00:00:00+00:00,1.0217439599321307
2024-10-26 00:00:00+00:00,1.0244055854907383
2024-10-27 00:00:00+00:00,1.0311674364225485
2024-10-28 00:00:00+00:00,1.045969368704979
2024-10-29 00:00:00+00:00,1.0661046723081529
2024-10-30 00:00:00+00:00,1.0635474202895936
2024-10-31 00:00:00+00:00,1.0488767946407545
2024-11-01 00:00:00+00:00,1.0440595580076093
2024-11-02 00:00:00+00:00,1.0427412124833535
2024-11-03 00:00:00+00:00,1.0389176933421607
2024-11-04 00:00:00+00:00,1.0322517881062871
2024-11-05 00:00:00+00:00,1.0434642967468573
2024-11-06 00:00:00+00:00,1.087162007333026
2024-11-07 00:00:00+00:00,1.088406396846013
2024-11-08 00:00:00+00:00,1.091518759757396
2024-11-09 00:00:00+00:00,1.0926746202200026
2024-11-10 00:00:00+00:00,1.111563454596468
2024-11-11 00:00:00+00:00,1.150027728544582
2024-11-12 00:00:00+00:00,1.1473286386159458
2024-11-13 00:00:00+00:00,1.1568936722225844
2024-11-14 00:00:00+00:00,1.144368063830203
2024-11-15 00:00:00+00:00,1.1580048820668831
2024-11-16 00:00:00+00:00,1.1561929534850603
2024-11-17 00:00:00+00:00,1.153582721121977
2024-11-18 00:00:00+00:00,1.1561624012711593
2024-11-19 00:00:00+00:00,1.1630169119641638
2024-11-20 00:00:00+00:00,1.1707388947841104
2024-11-21 00:00:00+00:00,1.1870106097078903
2024-11-22 00:00:00+00:00,1.188882792996609
2024-11-23 00:00:00+00:00,1.1840444563293218
2024-11-24 00:00:00+00:00,1.1849736025138817
2024-11-25 00:00:00+00:00,1.1643250710555655
2024-11-26 00:00:00+00:00,1.1600423708873258
2024-11-27 00:00:00+00:00,1.1754033480537156
2024-11-28 00:00:00+00:00,1.1742202219144735
2024-11-29 00:00:00+00:00,1.1811764290553457
2024-11-30 00:00:00+00:00,1.1771609610548939
2024-12-01 00:00:00+00:00,
2024-12-02 00:00:00+00:00,1.0
2024-12-03 00:00:00+00:00,1.0
2024-12-04 00:00:00+00:00,1.0
2024-12-05 00:00:00+00:00,1.0
2024-12-06 00:00:00+00:00,1.0
2024-12-07 00:00:00+00:00,1.0
2024-12-08 00:00:00+00:00,1.0
2024-12-09 00:00:00+00:00,1.0
2024-12-10 00:00:00+00:00,1.0
2024-12-11 00:00:00+00:00,1.0
2024-12-12 00:00:00+00:00,1.0
2024-12-13 00:00:00+00:00,1.0
2024-12-14 00:00:00+00:00,1.0
2024-12-15 00:00:00+00:00,1.0
2024-12-16 00:00:00+00:00,1.0
2024-12-17 00:00:00+00:00,1.0
2024-12-18 00:00:00+00:00,1.0
2024-12-19 00:00:00+00:00,1.0
2024-12-20 00:00:00+00:00,1.0
2024-12-21 00:00:00+00:00,1.0
2024-12-22 00:00:00+00:00,1.0
2024-12-23 00:00:00+00:00,1.0
2024-12-24 00:00:00+00:00,1.0
2024-12-25 00:00:00+00:00,1.0
2024-12-26 00:00:00+00:00,1.0
2024-12-27 00:00:00+00:00,1.0
2024-12-28 00:00:00+00:00,1.0
2024-12-29 00:00:00+00:00,1.0
2024-12-30 00:00:00+00:00,1.0
2024-12-31 00:00:00+00:00,1.0
2025-01-01 00:00:00+00:00,1.0
2025-01-02 00:00:00+00:00,1.0
2025-01-03 00:00:00+00:00,1.0
2025-01-04 00:00:00+00:00,1.0
2025-01-05 00:00:00+00:00,1.0
2025-01-06 00:00:00+00:00,1.0
2025-01-07 00:00:00+00:00,1.0
2025-01-08 00:00:00+00:00,1.0
2025-01-09 00:00:00+00:00,1.0
2025-01-10 00:00:00+00:00,1.0
2025-01-11 00:00:00+00:00,1.0
2025-01-12 00:00:00+00:00,1.0
2025-01-13 00:00:00+00:00,1.0
2025-01-14 00:00:00+00:00,1.0
2025-01-15 00:00:00+00:00,1.0
2025-01-16 00:00:00+00:00,1.0
2025-01-17 00:00:00+00:00,1.0
2025-01-18 00:00:00+00:00,1.0
2025-01-19 00:00:00+00:00,1.0
2025-01-20 00:00:00+00:00,1.0
2025-01-21 00:00:00+00:00,0.9994421998305321
2025-01-22 00:00:00+00:00,0.9906414037363939
2025-01-23 00:00:00+00:00,0.9917066004831419
2025-01-24 00:00:00+00:00,0.9948131519386293
2025-01-25 00:00:00+00:00,0.9944010997682317
2025-01-26 00:00:00+00:00,0.986489174885475
2025-01-27 00:00:00+00:00,0.9841304088787938
2025-01-28 00:00:00+00:00,0.9810380282757162
2025-01-29 00:00:00+00:00,0.9909256728301999
2025-01-30 00:00:00+00:00,0.9951639184633451
2025-01-31 00:00:00+00:00,0.9852306601151828
2025-02-01 00:00:00+00:00,0.977768424253427
2025-02-02 00:00:00+00:00,0.964803595273851
2025-02-03 00:00:00+00:00,0.9805067359612418
2025-02-04 00:00:00+00:00,0.9664787512440746
2025-02-05 00:00:00+00:00,0.9616066930212516
2025-02-06 00:00:00+00:00,0.9614990416228065
2025-02-07 00:00:00+00:00,0.961214339380153
2025-02-08 00:00:00+00:00,0.960994892866163
2025-02-09 00:00:00+00:00,0.9604352680897582
2025-02-10 00:00:00+00:00,0.9604352680897582
2025-02-11 00:00:00+00:00,0.9604352680897582
2025-02-12 00:00:00+00:00,0.9604352680897582
2025-02-13 00:00:00+00:00,0.9604352680897582
2025-02-14 00:00:00+00:00,0.9604352680897582
2025-02-15 00:00:00+00:00,0.9604352680897582
2025-02-16 00:00:00+00:00,0.9596971735582983
2025-02-17 00:00:00+00:00,0.9617332367217465
2025-02-18 00:00:00+00:00,0.9629532111934355
2025-02-19 00:00:00+00:00,0.9569466098980997
2025-02-20 00:00:00+00:00,0.9477322287160334
2025-02-21 00:00:00+00:00,0.9596855033972611
2025-02-22 00:00:00+00:00,0.9572327207789194
2025-02-23 00:00:00+00:00,0.9588851980732864
2025-02-24 00:00:00+00:00,0.9876735578124273
2025-02-25 00:00:00+00:00,1.0014311584316562
2025-02-26 00:00:00+00:00,1.0248724636120408
2025-02-27 00:00:00+00:00,1.0230718386622708
2025-02-28 00:00:00+00:00,1.024744202519764
2025-03-01 00:00:00+00:00,1.0160708190764982
2025-03-02 00:00:00+00:00,0.9769034837131826
2025-03-03 00:00:00+00:00,1.0031162782782863
2025-03-04 00:00:00+00:00,0.9998401979660253
2025-03-05 00:00:00+00:00,0.9902961814182573
2025-03-06 00:00:00+00:00,0.9920910818370234
2025-03-07 00:00:00+00:00,1.0014225939363135
2025-03-08 00:00:00+00:00,1.003170284693585
2025-03-09 00:00:00+00:00,1.0211502491675728
2025-03-10 00:00:00+00:00,1.0278353013024863
2025-03-11 00:00:00+00:00,1.0136813454660452
2025-03-12 00:00:00+00:00,1.011124286180831
2025-03-13 00:00:00+00:00,1.0193142215482147
2025-03-14 00:00:00+00:00,1.0102311733603955
2025-03-15 00:00:00+00:00,1.0090847548276822
2025-03-16 00:00:00+00:00,1.0146527966253545
2025-03-17 00:00:00+00:00,1.009782536907908
2025-03-18 00:00:00+00:00,1.0142675164419195
2025-03-19 00:00:00+00:00,1.0004461729821528
2025-03-20 00:00:00+00:00,1.008948010537505
2025-03-21 00:00:00+00:00,1.009337809443894
2025-03-22 00:00:00+00:00,1.010034912206282
2025-03-23 00:00:00+00:00,1.0023935196264113
2025-03-24 00:00:00+00:00,0.9975110186345011
2025-03-25 00:00:00+00:00,0.9975888447412353
2025-03-26 00:00:00+00:00,0.99960051316485
2025-03-27 00:00:00+00:00,0.9985702019179035
2025-03-28 00:00:00+00:00,1.0094961164919136
2025-03-29 00:00:00+00:00,1.0164604625548828
2025-03-30 00:00:00+00:00,1.0175252349272244
2025-03-31 00:00:00+00:00,
2025-04-01 00:00:00+00:00,1.0
2025-04-02 00:00:00+00:00,1.0
2025-04-03 00:00:00+00:00,1.0
2025-04-04 00:00:00+00:00,1.0
2025-04-05 00:00:00+00:00,1.0
2025-04-06 00:00:00+00:00,1.0
2025-04-07 00:00:00+00:00,1.0
2025-04-08 00:00:00+00:00,1.0
2025-04-09 00:00:00+00:00,1.0
2025-04-10 00:00:00+00:00,1.0
2025-04-11 00:00:00+00:00,1.0
2025-04-12 00:00:00+00:00,1.0
2025-04-13 00:00:00+00:00,1.0
2025-04-14 00:00:00+00:00,1.0
2025-04-15 00:00:00+00:00,1.0
2025-04-16 00:00:00+00:00,1.0
2025-04-17 00:00:00+00:00,1.0
2025-04-18 00:00:00+00:00,1.0
2025-04-19 00:00:00+00:00,1.0
2025-04-20 00:00:00+00:00,1.0
2025-04-21 00:00:00+00:00,1.0
2025-04-22 00:00:00+00:00,1.0
2025-04-23 00:00:00+00:00,1.0
2025-04-24 00:00:00+00:00,1.0
2025-04-25 00:00:00+00:00,1.0
2025-04-26 00:00:00+00:00,1.0
2025-04-27 00:00:00+00:00,1.0
2025-04-28 00:00:00+00:00,1.0
2025-04-29 00:00:00+00:00,1.0
2025-04-30 00:00:00+00:00,1.0
2025-05-01 00:00:00+00:00,1.0
2025-05-02 00:00:00+00:00,1.0
2025-05-03 00:00:00+00:00,1.0
2025-05-04 00:00:00+00:00,1.0
2025-05-05 00:00:00+00:00,1.0
2025-05-06 00:00:00+00:00,1.0
2025-05-07 00:00:00+00:00,1.0
2025-05-08 00:00:00+00:00,1.0
2025-05-09 00:00:00+00:00,1.0
2025-05-10 00:00:00+00:00,1.0
2025-05-11 00:00:00+00:00,1.0
2025-05-12 00:00:00+00:00,1.0
2025-05-13 00:00:00+00:00,1.0
2025-05-14 00:00:00+00:00,1.0
2025-05-15 00:00:00+00:00,1.0
2025-05-16 00:00:00+00:00,1.0
2025-05-17 00:00:00+00:00,1.0
2025-05-18 00:00:00+00:00,1.0
2025-05-19 00:00:00+00:00,0.9992865081084534
2025-05-20 00:00:00+00:00,1.0045830094854709
2025-05-21 00:00:00+00:00,1.0178273177869723
2025-05-22 00:00:00+00:00,1.0268455731701038
2025-05-23 00:00:00+00:00,1.006277575389115
2025-05-24 00:00:00+00:00,1.008291390467166
2025-05-25 00:00:00+00:00,1.0134501207442508
2025-05-26 00:00:00+00:00,1.0151577343694056
2025-05-27 00:00:00+00:00,1.0131696524739493
2025-05-28 00:00:00+00:00,1.0077366879689607
2025-05-29 00:00:00+00:00,0.9977059750824173
2025-05-30 00:00:00+00:00,0.990146262882466
2025-05-31 00:00:00+00:00,0.9930869385023635
2025-06-01 00:00:00+00:00,0.9978953113849327
2025-06-02 00:00:00+00:00,0.9989885762248566
2025-06-03 00:00:00+00:00,0.9966983918126371
2025-06-04 00:00:00+00:00,0.9930282991071979
2025-06-05 00:00:00+00:00,0.9759667474002791
2025-06-06 00:00:00+00:00,0.9900127015659091
2025-06-07 00:00:00+00:00,0.9958153120582329
2025-06-08 00:00:00+00:00,0.996651272410348
2025-06-09 00:00:00+00:00,1.0188660414259452
2025-06-10 00:00:00+00:00,1.018681029355818
2025-06-11 00:00:00+00:00,1.0115410010458525
2025-06-12 00:00:00+00:00,0.9988029601701298
2025-06-13 00:00:00+00:00,0.9995040440016676
2025-06-14 00:00:00+00:00,0.9966147981046011
2025-06-15 00:00:00+00:00,0.9969696555927577
2025-06-16 00:00:00+00:00,1.0030852660976284
2025-06-17 00:00:00+00:00,0.9920079035324098
2025-06-18 00:00:00+00:00,0.9933878188555979
2025-06-19 00:00:00+00:00,0.9923367567690561
2025-06-20 00:00:00+00:00,0.9849920659528779
2025-06-21 00:00:00+00:00,0.9792539732806005
2025-06-22 00:00:00+00:00,0.9713068306330431
2025-06-23 00:00:00+00:00,0.9713068306330431
2025-06-24 00:00:00+00:00,0.9713068306330431
2025-06-25 00:00:00+00:00,0.9713068306330431
2025-06-26 00:00:00+00:00,0.9713068306330431
2025-06-27 00:00:00+00:00,0.9713068306330431
2025-06-28 00:00:00+00:00,0.9713068306330431
2025-06-29 00:00:00+00:00,0.9704588303242387
2025-06-30 00:00:00+00:00,0.977028140722063
2025-07-01 00:00:00+00:00,0.9839546075648173
2025-07-02 00:00:00+00:00,0.9839546075648173
2025-07-03 00:00:00+00:00,0.9839546075648173
2025-07-04 00:00:00+00:00,0.9839546075648173
2025-07-05 00:00:00+00:00,0.9839546075648173
2025-07-06 00:00:00+00:00,0.9839546075648173
2025-07-07 00:00:00+00:00,0.9839546075648173
2025-07-08 00:00:00+00:00,0.9830191840151965
2025-07-09 00:00:00+00:00,0.9965379092520014
2025-07-10 00:00:00+00:00,1.0220340598093913
2025-07-11 00:00:00+00:00,1.0292306396651625
2025-07-12 00:00:00+00:00,1.028810732230107
2025-07-13 00:00:00+00:00,1.0371241128579387
2025-07-14 00:00:00+00:00,1.0408025228544495
2025-07-15 00:00:00+00:00,1.029912527618414
2025-07-16 00:00:00+00:00,1.0347536107341888
2025-07-17 00:00:00+00:00,1.0375970247161386
2025-07-18 00:00:00+00:00,1.030652490335315
2025-07-19 00:00:00+00:00,1.0302803221738512
2025-07-20 00:00:00+00:00,1.0266887328885694
2025-07-21 00:00:00+00:00,1.0274475882534881
2025-07-22 00:00:00+00:00,1.042454251683516
2025-07-23 00:00:00+00:00,1.0353405344416353
2025-07-24 00:00:00+00:00,1.0330858947904964
2025-07-25 00:00:00+00:00,1.0287297356043277
2025-07-26 00:00:00+00:00,1.0305766364539344
2025-07-27 00:00:00+00:00,1.039923774363573
2025-07-28 00:00:00+00:00,1.0302887280351603
