Date,pnl_net
2019-01-02 00:00:00+00:00,
2019-01-03 00:00:00+00:00,-0.0
2019-01-04 00:00:00+00:00,0.0
2019-01-05 00:00:00+00:00,-0.0
2019-01-06 00:00:00+00:00,0.0
2019-01-07 00:00:00+00:00,-0.0
2019-01-08 00:00:00+00:00,0.0
2019-01-09 00:00:00+00:00,0.0
2019-01-10 00:00:00+00:00,-0.0
2019-01-11 00:00:00+00:00,0.0
2019-01-12 00:00:00+00:00,-0.0
2019-01-13 00:00:00+00:00,-0.0
2019-01-14 00:00:00+00:00,0.0
2019-01-15 00:00:00+00:00,-0.0
2019-01-16 00:00:00+00:00,0.0
2019-01-17 00:00:00+00:00,0.0
2019-01-18 00:00:00+00:00,-0.0
2019-01-19 00:00:00+00:00,0.0
2019-01-20 00:00:00+00:00,-0.0
2019-01-21 00:00:00+00:00,-0.0
2019-01-22 00:00:00+00:00,0.0
2019-01-23 00:00:00+00:00,-0.0
2019-01-24 00:00:00+00:00,0.0
2019-01-25 00:00:00+00:00,-0.0
2019-01-26 00:00:00+00:00,0.0
2019-01-27 00:00:00+00:00,-0.0
2019-01-28 00:00:00+00:00,-0.0
2019-01-29 00:00:00+00:00,-0.0
2019-01-30 00:00:00+00:00,0.0
2019-01-31 00:00:00+00:00,-0.0
2019-02-01 00:00:00+00:00,0.0
2019-02-02 00:00:00+00:00,0.0
2019-02-03 00:00:00+00:00,-0.0
2019-02-04 00:00:00+00:00,-0.0
2019-02-05 00:00:00+00:00,0.0
2019-02-06 00:00:00+00:00,-0.0
2019-02-07 00:00:00+00:00,-0.0
2019-02-08 00:00:00+00:00,0.0
2019-02-09 00:00:00+00:00,0.0
2019-02-10 00:00:00+00:00,0.0
2019-02-11 00:00:00+00:00,-0.0
2019-02-12 00:00:00+00:00,0.0
2019-02-13 00:00:00+00:00,-0.0
2019-02-14 00:00:00+00:00,-0.0
2019-02-15 00:00:00+00:00,0.0
2019-02-16 00:00:00+00:00,0.0
2019-02-17 00:00:00+00:00,0.0
2019-02-18 00:00:00+00:00,0.0
2019-02-19 00:00:00+00:00,0.0
2019-02-20 00:00:00+00:00,0.0
2019-02-21 00:00:00+00:00,-0.0
2019-02-22 00:00:00+00:00,-0.0006235625592430605
2019-02-23 00:00:00+00:00,0.013968846149828948
2019-02-24 00:00:00+00:00,-0.03424620068822368
2019-02-25 00:00:00+00:00,0.005586517451392229
2019-02-26 00:00:00+00:00,-0.0022456457911831764
2019-02-27 00:00:00+00:00,-0.000285819717293497
2019-02-28 00:00:00+00:00,0.00029849065097240066
2019-03-01 00:00:00+00:00,0.00040055802525150073
2019-03-02 00:00:00+00:00,0.0004165796942530612
2019-03-03 00:00:00+00:00,-0.0016221498551960783
2019-03-04 00:00:00+00:00,-0.008343560620629256
2019-03-05 00:00:00+00:00,0.013118717633065175
2019-03-06 00:00:00+00:00,0.000683881411950135
2019-03-07 00:00:00+00:00,0.0007031940003038584
2019-03-08 00:00:00+00:00,-0.0010445242994605165
2019-03-09 00:00:00+00:00,0.006307305248756375
2019-03-10 00:00:00+00:00,-0.001227584889982561
2019-03-11 00:00:00+00:00,-0.004985741639416837
2019-03-12 00:00:00+00:00,0.00041071705971759757
2019-03-13 00:00:00+00:00,-0.00030009807795302636
2019-03-14 00:00:00+00:00,0.0020501857179362907
2019-03-15 00:00:00+00:00,0.004381494103667995
2019-03-16 00:00:00+00:00,0.010705336603111801
2019-03-17 00:00:00+00:00,-0.002855782589310131
2019-03-18 00:00:00+00:00,0.0008785464314672617
2019-03-19 00:00:00+00:00,0.004916912614694967
2019-03-20 00:00:00+00:00,0.0020975155401785316
2019-03-21 00:00:00+00:00,-0.0078827400969391
2019-03-22 00:00:00+00:00,-0.0007598069635696436
2019-03-23 00:00:00+00:00,0.0016445463318212174
2019-03-24 00:00:00+00:00,-0.002019526641572273
2019-03-25 00:00:00+00:00,-0.008967138449536895
2019-03-26 00:00:00+00:00,0.003323723606552806
2019-03-27 00:00:00+00:00,0.01570487654017882
2019-03-28 00:00:00+00:00,-0.002641316442843214
2019-03-29 00:00:00+00:00,0.004349797584286357
2019-03-30 00:00:00+00:00,0.0012382227175610897
2019-03-31 00:00:00+00:00,-0.0002310099611335799
2019-04-01 00:00:00+00:00,0.008565612999008971
2019-04-02 00:00:00+00:00,0.10833702924337668
2019-04-03 00:00:00+00:00,0.004288771300100055
2019-04-04 00:00:00+00:00,-0.0023929812489385765
2019-04-05 00:00:00+00:00,0.00548324865387755
2019-04-06 00:00:00+00:00,0.0011232876680568045
2019-04-07 00:00:00+00:00,0.00692462084061089
2019-04-08 00:00:00+00:00,0.0045435316831750686
2019-04-09 00:00:00+00:00,-0.004396328954775724
2019-04-10 00:00:00+00:00,0.006223400264085577
2019-04-11 00:00:00+00:00,-0.014188835396851788
2019-04-12 00:00:00+00:00,0.0012871365829457612
2019-04-13 00:00:00+00:00,0.0003635849972774557
2019-04-14 00:00:00+00:00,0.0038858238855345377
2019-04-15 00:00:00+00:00,-0.005716474871871388
2019-04-16 00:00:00+00:00,0.009592121557396025
2019-04-17 00:00:00+00:00,0.0009119528631224835
2019-04-18 00:00:00+00:00,0.002683553896723527
2019-04-19 00:00:00+00:00,0.00030909567017493194
2019-04-20 00:00:00+00:00,0.002078311604446147
2019-04-21 00:00:00+00:00,-0.0014973587497216783
2019-04-22 00:00:00+00:00,0.0054915043873276555
2019-04-23 00:00:00+00:00,0.011290124067478103
2019-04-24 00:00:00+00:00,-0.007013324352337741
2019-04-25 00:00:00+00:00,-0.017145933259358363
2019-04-26 00:00:00+00:00,0.004280093080842853
2019-04-27 00:00:00+00:00,-0.000722969312704354
2019-04-28 00:00:00+00:00,0.0010932220737666538
2019-04-29 00:00:00+00:00,-0.002596406999989557
2019-04-30 00:00:00+00:00,0.007205581512550981
2019-05-01 00:00:00+00:00,0.00362678037414084
2019-05-02 00:00:00+00:00,
2019-05-03 00:00:00+00:00,0.0
2019-05-04 00:00:00+00:00,0.0
2019-05-05 00:00:00+00:00,-0.0
2019-05-06 00:00:00+00:00,-0.0
2019-05-07 00:00:00+00:00,0.0
2019-05-08 00:00:00+00:00,0.0
2019-05-09 00:00:00+00:00,0.0
2019-05-10 00:00:00+00:00,0.0
2019-05-11 00:00:00+00:00,0.0
2019-05-12 00:00:00+00:00,-0.0
2019-05-13 00:00:00+00:00,0.0
2019-05-14 00:00:00+00:00,0.0
2019-05-15 00:00:00+00:00,0.0
2019-05-16 00:00:00+00:00,-0.0
2019-05-17 00:00:00+00:00,-0.0
2019-05-18 00:00:00+00:00,-0.0
2019-05-19 00:00:00+00:00,0.0
2019-05-20 00:00:00+00:00,-0.0
2019-05-21 00:00:00+00:00,-0.0
2019-05-22 00:00:00+00:00,-0.0
2019-05-23 00:00:00+00:00,0.0
2019-05-24 00:00:00+00:00,0.0
2019-05-25 00:00:00+00:00,0.0
2019-05-26 00:00:00+00:00,0.0
2019-05-27 00:00:00+00:00,0.0
2019-05-28 00:00:00+00:00,-0.0
2019-05-29 00:00:00+00:00,-0.0
2019-05-30 00:00:00+00:00,-0.0
2019-05-31 00:00:00+00:00,0.0
2019-06-01 00:00:00+00:00,-0.0
2019-06-02 00:00:00+00:00,0.0
2019-06-03 00:00:00+00:00,-0.0
2019-06-04 00:00:00+00:00,-0.0
2019-06-05 00:00:00+00:00,0.0
2019-06-06 00:00:00+00:00,-0.0
2019-06-07 00:00:00+00:00,0.0
2019-06-08 00:00:00+00:00,-0.0
2019-06-09 00:00:00+00:00,-0.0
2019-06-10 00:00:00+00:00,0.0
2019-06-11 00:00:00+00:00,-0.0
2019-06-12 00:00:00+00:00,0.0
2019-06-13 00:00:00+00:00,0.0
2019-06-14 00:00:00+00:00,0.0
2019-06-15 00:00:00+00:00,0.0
2019-06-16 00:00:00+00:00,0.0
2019-06-17 00:00:00+00:00,0.0
2019-06-18 00:00:00+00:00,-0.0
2019-06-19 00:00:00+00:00,0.0
2019-06-20 00:00:00+00:00,-0.00042468579716021984
2019-06-21 00:00:00+00:00,0.017760996106669372
2019-06-22 00:00:00+00:00,0.014545820310789282
2019-06-23 00:00:00+00:00,0.003842076253319903
2019-06-24 00:00:00+00:00,0.003967680423122256
2019-06-25 00:00:00+00:00,0.019754499239384812
2019-06-26 00:00:00+00:00,0.02731755677998782
2019-06-27 00:00:00+00:00,-0.037463756277405134
2019-06-28 00:00:00+00:00,0.01697424980570576
2019-06-29 00:00:00+00:00,-0.00576677261770788
2019-06-30 00:00:00+00:00,-0.015833601297529826
2019-07-01 00:00:00+00:00,-0.003190211853960013
2019-07-02 00:00:00+00:00,0.0030473584872563555
2019-07-03 00:00:00+00:00,0.015721982895167113
2019-07-04 00:00:00+00:00,-0.009542757209419286
2019-07-05 00:00:00+00:00,-0.003125509316348698
2019-07-06 00:00:00+00:00,0.0031033558235870457
2019-07-07 00:00:00+00:00,0.0033031210342133782
2019-07-08 00:00:00+00:00,0.011246490674926361
2019-07-09 00:00:00+00:00,0.003685035641133803
2019-07-10 00:00:00+00:00,-0.005561160884477
2019-07-11 00:00:00+00:00,-0.01131585193589925
2019-07-12 00:00:00+00:00,0.006401476889207129
2019-07-13 00:00:00+00:00,-0.006060071120356047
2019-07-14 00:00:00+00:00,-0.017696436584313857
2019-07-15 00:00:00+00:00,0.009388593709756171
2019-07-16 00:00:00+00:00,-0.021648517476780055
2019-07-17 00:00:00+00:00,0.0030996020000738336
2019-07-18 00:00:00+00:00,0.013518110911065452
2019-07-19 00:00:00+00:00,-0.0017508672645361219
2019-07-20 00:00:00+00:00,0.003115375444611911
2019-07-21 00:00:00+00:00,-0.002285283408709055
2019-07-22 00:00:00+00:00,-0.003659671452681466
2019-07-23 00:00:00+00:00,-0.0067221960788566406
2019-07-24 00:00:00+00:00,-0.0014180957354479186
2019-07-25 00:00:00+00:00,0.0013958871966410803
2019-07-26 00:00:00+00:00,-0.0
2019-07-27 00:00:00+00:00,-0.0
2019-07-28 00:00:00+00:00,0.0
2019-07-29 00:00:00+00:00,-0.0002810947209739422
2019-07-30 00:00:00+00:00,-0.0017386370789944823
2019-07-31 00:00:00+00:00,-0.009388100160956652
2019-08-01 00:00:00+00:00,-0.005908926684830717
2019-08-02 00:00:00+00:00,-0.002235006520083919
2019-08-03 00:00:00+00:00,-0.005776382019753275
2019-08-04 00:00:00+00:00,-0.0028366331978092988
2019-08-05 00:00:00+00:00,-0.015731479845324928
2019-08-06 00:00:00+00:00,0.0057716086182993355
2019-08-07 00:00:00+00:00,-0.008237480944168943
2019-08-08 00:00:00+00:00,-0.0007484379189866869
2019-08-09 00:00:00+00:00,-0.0
2019-08-10 00:00:00+00:00,-0.0
2019-08-11 00:00:00+00:00,0.0
2019-08-12 00:00:00+00:00,-0.0
2019-08-13 00:00:00+00:00,-0.0
2019-08-14 00:00:00+00:00,-0.0
2019-08-15 00:00:00+00:00,0.0
2019-08-16 00:00:00+00:00,0.0
2019-08-17 00:00:00+00:00,-0.0003474283476150466
2019-08-18 00:00:00+00:00,0.0025575147435261793
2019-08-19 00:00:00+00:00,0.012439502283440538
2019-08-20 00:00:00+00:00,-0.0
2019-08-21 00:00:00+00:00,-0.0
2019-08-22 00:00:00+00:00,-0.0
2019-08-23 00:00:00+00:00,0.0
2019-08-24 00:00:00+00:00,-0.0
2019-08-25 00:00:00+00:00,-0.0
2019-08-26 00:00:00+00:00,0.0
2019-08-27 00:00:00+00:00,-0.0
2019-08-28 00:00:00+00:00,-0.0
2019-08-29 00:00:00+00:00,-0.0
2019-08-30 00:00:00+00:00,
2019-08-31 00:00:00+00:00,0.0
2019-09-01 00:00:00+00:00,0.0
2019-09-02 00:00:00+00:00,0.0
2019-09-03 00:00:00+00:00,0.0
2019-09-04 00:00:00+00:00,-0.0
2019-09-05 00:00:00+00:00,-0.0
2019-09-06 00:00:00+00:00,-0.0
2019-09-07 00:00:00+00:00,0.0
2019-09-08 00:00:00+00:00,-0.0
2019-09-09 00:00:00+00:00,-0.0
2019-09-10 00:00:00+00:00,-0.0
2019-09-11 00:00:00+00:00,0.0
2019-09-12 00:00:00+00:00,0.0
2019-09-13 00:00:00+00:00,-0.0
2019-09-14 00:00:00+00:00,-0.0
2019-09-15 00:00:00+00:00,-0.0
2019-09-16 00:00:00+00:00,-0.0
2019-09-17 00:00:00+00:00,-0.0
2019-09-18 00:00:00+00:00,-0.0
2019-09-19 00:00:00+00:00,0.0
2019-09-20 00:00:00+00:00,-0.0
2019-09-21 00:00:00+00:00,-0.0
2019-09-22 00:00:00+00:00,0.0
2019-09-23 00:00:00+00:00,-0.0
2019-09-24 00:00:00+00:00,-0.0
2019-09-25 00:00:00+00:00,-0.0
2019-09-26 00:00:00+00:00,-0.0
2019-09-27 00:00:00+00:00,0.0
2019-09-28 00:00:00+00:00,-0.0
2019-09-29 00:00:00+00:00,-0.0
2019-09-30 00:00:00+00:00,0.0
2019-10-01 00:00:00+00:00,0.0
2019-10-02 00:00:00+00:00,0.0
2019-10-03 00:00:00+00:00,-0.0
2019-10-04 00:00:00+00:00,-0.0
2019-10-05 00:00:00+00:00,-0.0
2019-10-06 00:00:00+00:00,-0.0
2019-10-07 00:00:00+00:00,0.0
2019-10-08 00:00:00+00:00,-0.0
2019-10-09 00:00:00+00:00,0.0
2019-10-10 00:00:00+00:00,-0.0
2019-10-11 00:00:00+00:00,-0.0
2019-10-12 00:00:00+00:00,0.0
2019-10-13 00:00:00+00:00,-0.0
2019-10-14 00:00:00+00:00,0.0
2019-10-15 00:00:00+00:00,-0.0
2019-10-16 00:00:00+00:00,-0.0
2019-10-17 00:00:00+00:00,0.0
2019-10-18 00:00:00+00:00,-0.0006303541020539407
2019-10-19 00:00:00+00:00,-0.0008279178360498422
2019-10-20 00:00:00+00:00,-0.012507089845836882
2019-10-21 00:00:00+00:00,-0.001116145224584524
2019-10-22 00:00:00+00:00,0.008722356088351434
2019-10-23 00:00:00+00:00,0.03132107588368098
2019-10-24 00:00:00+00:00,0.000962900682095591
2019-10-25 00:00:00+00:00,-0.05214023037234834
2019-10-26 00:00:00+00:00,-0.013490790460641082
2019-10-27 00:00:00+00:00,-0.0065768288801234046
2019-10-28 00:00:00+00:00,0.006472338367265335
2019-10-29 00:00:00+00:00,-0.0038265419330868545
2019-10-30 00:00:00+00:00,0.005101253537493293
2019-10-31 00:00:00+00:00,0.00013468165598452442
2019-11-01 00:00:00+00:00,-0.0018411527533125616
2019-11-02 00:00:00+00:00,0.0
2019-11-03 00:00:00+00:00,-0.0
2019-11-04 00:00:00+00:00,0.0
2019-11-05 00:00:00+00:00,-0.0003942638029993092
2019-11-06 00:00:00+00:00,0.0005024884299053375
2019-11-07 00:00:00+00:00,-0.0027341329137824124
2019-11-08 00:00:00+00:00,-0.014332729148101133
2019-11-09 00:00:00+00:00,0.0002502533816667767
2019-11-10 00:00:00+00:00,0.0074728044494336305
2019-11-11 00:00:00+00:00,-0.00934363486298664
2019-11-12 00:00:00+00:00,0.001826261587377065
2019-11-13 00:00:00+00:00,-0.00025675590843006734
2019-11-14 00:00:00+00:00,-0.003422585603057813
2019-11-15 00:00:00+00:00,-0.00772057574834026
2019-11-16 00:00:00+00:00,0.0021319911713271254
2019-11-17 00:00:00+00:00,0.001003198190224714
2019-11-18 00:00:00+00:00,-0.010540545108633857
2019-11-19 00:00:00+00:00,-0.00414228017936174
2019-11-20 00:00:00+00:00,-0.008016531862333379
2019-11-21 00:00:00+00:00,-0.0
2019-11-22 00:00:00+00:00,-0.0
2019-11-23 00:00:00+00:00,0.0
2019-11-24 00:00:00+00:00,-0.00047925430162984087
2019-11-25 00:00:00+00:00,-0.004426098227384852
2019-11-26 00:00:00+00:00,-0.0032516102948886003
2019-11-27 00:00:00+00:00,-0.013975945380408335
2019-11-28 00:00:00+00:00,0.002804233966726043
2019-11-29 00:00:00+00:00,-0.012499688634153832
2019-11-30 00:00:00+00:00,0.007663774139627998
2019-12-01 00:00:00+00:00,0.0060349575962133474
2019-12-02 00:00:00+00:00,0.0044227299255150225
2019-12-03 00:00:00+00:00,6.684812796360721e-05
2019-12-04 00:00:00+00:00,0.003165806679591241
2019-12-05 00:00:00+00:00,-0.009400892161286943
2019-12-06 00:00:00+00:00,-0.004582167033182376
2019-12-07 00:00:00+00:00,-0.0004516306655571112
2019-12-08 00:00:00+00:00,-0.00041123467430400127
2019-12-09 00:00:00+00:00,0.00826320162435011
2019-12-10 00:00:00+00:00,0.006401333318657597
2019-12-11 00:00:00+00:00,0.0032683115717557715
2019-12-12 00:00:00+00:00,-0.0014599270401065418
2019-12-13 00:00:00+00:00,-0.0015468252306665364
2019-12-14 00:00:00+00:00,0.008657984547450386
2019-12-15 00:00:00+00:00,-0.001707836934995287
2019-12-16 00:00:00+00:00,0.014001818986958483
2019-12-17 00:00:00+00:00,0.01890463836911405
2019-12-18 00:00:00+00:00,-0.0381917379665175
2019-12-19 00:00:00+00:00,0.002891247194508867
2019-12-20 00:00:00+00:00,-0.0006643955808106325
2019-12-21 00:00:00+00:00,0.0011481379355167724
2019-12-22 00:00:00+00:00,-0.01367732686494092
2019-12-23 00:00:00+00:00,0.006321639198640911
2019-12-24 00:00:00+00:00,0.0013689509874651334
2019-12-25 00:00:00+00:00,0.0020434155628808073
2019-12-26 00:00:00+00:00,0.0016170926474606206
2019-12-27 00:00:00+00:00,-0.0023974910680186943
2019-12-28 00:00:00+00:00,
2019-12-29 00:00:00+00:00,0.0
2019-12-30 00:00:00+00:00,-0.0
2019-12-31 00:00:00+00:00,-0.0
2020-01-01 00:00:00+00:00,0.0
2020-01-02 00:00:00+00:00,-0.0
2020-01-03 00:00:00+00:00,0.0
2020-01-04 00:00:00+00:00,0.0
2020-01-05 00:00:00+00:00,0.0
2020-01-06 00:00:00+00:00,0.0
2020-01-07 00:00:00+00:00,0.0
2020-01-08 00:00:00+00:00,-0.0
2020-01-09 00:00:00+00:00,-0.0
2020-01-10 00:00:00+00:00,0.0
2020-01-11 00:00:00+00:00,-0.0
2020-01-12 00:00:00+00:00,0.0
2020-01-13 00:00:00+00:00,-0.0
2020-01-14 00:00:00+00:00,0.0
2020-01-15 00:00:00+00:00,-0.0
2020-01-16 00:00:00+00:00,-0.0
2020-01-17 00:00:00+00:00,0.0
2020-01-18 00:00:00+00:00,0.0
2020-01-19 00:00:00+00:00,-0.0
2020-01-20 00:00:00+00:00,-0.0
2020-01-21 00:00:00+00:00,0.0
2020-01-22 00:00:00+00:00,-0.0
2020-01-23 00:00:00+00:00,-0.0
2020-01-24 00:00:00+00:00,0.0
2020-01-25 00:00:00+00:00,-0.0
2020-01-26 00:00:00+00:00,0.0
2020-01-27 00:00:00+00:00,0.0
2020-01-28 00:00:00+00:00,0.0
2020-01-29 00:00:00+00:00,-0.0
2020-01-30 00:00:00+00:00,0.0
2020-01-31 00:00:00+00:00,-0.0
2020-02-01 00:00:00+00:00,0.0
2020-02-02 00:00:00+00:00,-0.0
2020-02-03 00:00:00+00:00,-0.0
2020-02-04 00:00:00+00:00,-0.0
2020-02-05 00:00:00+00:00,0.0
2020-02-06 00:00:00+00:00,0.0
2020-02-07 00:00:00+00:00,0.0
2020-02-08 00:00:00+00:00,0.0
2020-02-09 00:00:00+00:00,0.0
2020-02-10 00:00:00+00:00,-0.0
2020-02-11 00:00:00+00:00,0.0
2020-02-12 00:00:00+00:00,0.0
2020-02-13 00:00:00+00:00,-0.0
2020-02-14 00:00:00+00:00,0.0
2020-02-15 00:00:00+00:00,-0.0005893027631064405
2020-02-16 00:00:00+00:00,0.0017639237548310583
2020-02-17 00:00:00+00:00,-0.010124491052692195
2020-02-18 00:00:00+00:00,0.018164182341428796
2020-02-19 00:00:00+00:00,-0.01928472368468858
2020-02-20 00:00:00+00:00,-0.0008820310125028897
2020-02-21 00:00:00+00:00,0.0027741775867845754
2020-02-22 00:00:00+00:00,-0.0008743556839372757
2020-02-23 00:00:00+00:00,0.009822027436222777
2020-02-24 00:00:00+00:00,-0.010350302654673458
2020-02-25 00:00:00+00:00,-0.01183283407177556
2020-02-26 00:00:00+00:00,-0.020534045838356885
2020-02-27 00:00:00+00:00,-0.0013394819555785937
2020-02-28 00:00:00+00:00,-0.004305556397689713
2020-02-29 00:00:00+00:00,-0.002927919716684992
2020-03-01 00:00:00+00:00,-0.002071896887532106
2020-03-02 00:00:00+00:00,0.0
2020-03-03 00:00:00+00:00,-0.0
2020-03-04 00:00:00+00:00,-0.0
2020-03-05 00:00:00+00:00,0.0
2020-03-06 00:00:00+00:00,-0.0005578832667791682
2020-03-07 00:00:00+00:00,0.008766506476149202
2020-03-08 00:00:00+00:00,0.03514468163710939
2020-03-09 00:00:00+00:00,0.006454051033758175
2020-03-10 00:00:00+00:00,0.0004930482645784218
2020-03-11 00:00:00+00:00,-7.807618656844414e-05
2020-03-12 00:00:00+00:00,0.14241381541909734
2020-03-13 00:00:00+00:00,-0.009025160840943694
2020-03-14 00:00:00+00:00,0.005308830628802706
2020-03-15 00:00:00+00:00,-0.0029397300672537423
2020-03-16 00:00:00+00:00,0.006017716980870087
2020-03-17 00:00:00+00:00,-0.0035174662400197483
2020-03-18 00:00:00+00:00,-0.00021703514337861218
2020-03-19 00:00:00+00:00,-0.015001428707022172
2020-03-20 00:00:00+00:00,-0.00010721214658804283
2020-03-21 00:00:00+00:00,0.00018809278060001852
2020-03-22 00:00:00+00:00,0.0053050220987917555
2020-03-23 00:00:00+00:00,-0.00883288684426852
2020-03-24 00:00:00+00:00,-0.004459475984401147
2020-03-25 00:00:00+00:00,0.000750252569658287
2020-03-26 00:00:00+00:00,-0.0005194513053875633
2020-03-27 00:00:00+00:00,0.003763482776938863
2020-03-28 00:00:00+00:00,0.003706600075996222
2020-03-29 00:00:00+00:00,0.005614458305471327
2020-03-30 00:00:00+00:00,-0.008994742943966572
2020-03-31 00:00:00+00:00,-0.0001547049186268266
2020-04-01 00:00:00+00:00,-0.002910831645590617
2020-04-02 00:00:00+00:00,-0.0032428061361894347
2020-04-03 00:00:00+00:00,0.0010585214626680375
2020-04-04 00:00:00+00:00,-0.002442285857158794
2020-04-05 00:00:00+00:00,0.0014191850789345849
2020-04-06 00:00:00+00:00,-0.00900146689767059
2020-04-07 00:00:00+00:00,0.001738994400709899
2020-04-08 00:00:00+00:00,-0.0029709212798863754
2020-04-09 00:00:00+00:00,0.0006084205866021971
2020-04-10 00:00:00+00:00,0.008963106395055568
2020-04-11 00:00:00+00:00,0.00012841840295645498
2020-04-12 00:00:00+00:00,-0.002442018395499739
2020-04-13 00:00:00+00:00,0.0028226927372147414
2020-04-14 00:00:00+00:00,5.2811368697213446e-05
2020-04-15 00:00:00+00:00,0.004902889321736011
2020-04-16 00:00:00+00:00,-0.01169250008038717
2020-04-17 00:00:00+00:00,0.0002330436227529936
2020-04-18 00:00:00+00:00,0.0
2020-04-19 00:00:00+00:00,-0.0
2020-04-20 00:00:00+00:00,-0.0
2020-04-21 00:00:00+00:00,-0.0
2020-04-22 00:00:00+00:00,0.0
2020-04-23 00:00:00+00:00,0.0
2020-04-24 00:00:00+00:00,0.0
2020-04-25 00:00:00+00:00,0.0
2020-04-26 00:00:00+00:00,
2020-04-27 00:00:00+00:00,0.0
2020-04-28 00:00:00+00:00,0.0
2020-04-29 00:00:00+00:00,0.0
2020-04-30 00:00:00+00:00,-0.0
2020-05-01 00:00:00+00:00,0.0
2020-05-02 00:00:00+00:00,0.0
2020-05-03 00:00:00+00:00,-0.0
2020-05-04 00:00:00+00:00,0.0
2020-05-05 00:00:00+00:00,0.0
2020-05-06 00:00:00+00:00,0.0
2020-05-07 00:00:00+00:00,0.0
2020-05-08 00:00:00+00:00,-0.0
2020-05-09 00:00:00+00:00,-0.0
2020-05-10 00:00:00+00:00,-0.0
2020-05-11 00:00:00+00:00,-0.0
2020-05-12 00:00:00+00:00,0.0
2020-05-13 00:00:00+00:00,0.0
2020-05-14 00:00:00+00:00,0.0
2020-05-15 00:00:00+00:00,-0.0
2020-05-16 00:00:00+00:00,0.0
2020-05-17 00:00:00+00:00,0.0
2020-05-18 00:00:00+00:00,0.0
2020-05-19 00:00:00+00:00,0.0
2020-05-20 00:00:00+00:00,-0.0
2020-05-21 00:00:00+00:00,-0.0
2020-05-22 00:00:00+00:00,0.0
2020-05-23 00:00:00+00:00,0.0
2020-05-24 00:00:00+00:00,-0.0
2020-05-25 00:00:00+00:00,0.0
2020-05-26 00:00:00+00:00,-0.0
2020-05-27 00:00:00+00:00,0.0
2020-05-28 00:00:00+00:00,0.0
2020-05-29 00:00:00+00:00,-0.0
2020-05-30 00:00:00+00:00,0.0
2020-05-31 00:00:00+00:00,-0.0
2020-06-01 00:00:00+00:00,0.0
2020-06-02 00:00:00+00:00,-0.0
2020-06-03 00:00:00+00:00,0.0
2020-06-04 00:00:00+00:00,0.0
2020-06-05 00:00:00+00:00,-0.0
2020-06-06 00:00:00+00:00,-0.0
2020-06-07 00:00:00+00:00,0.0
2020-06-08 00:00:00+00:00,0.0
2020-06-09 00:00:00+00:00,0.0
2020-06-10 00:00:00+00:00,0.0
2020-06-11 00:00:00+00:00,-0.0
2020-06-12 00:00:00+00:00,0.0
2020-06-13 00:00:00+00:00,-0.0
2020-06-14 00:00:00+00:00,-0.0004731513728908143
2020-06-15 00:00:00+00:00,0.0021251480462958017
2020-06-16 00:00:00+00:00,0.0029800510263718978
2020-06-17 00:00:00+00:00,-0.002055934887400906
2020-06-18 00:00:00+00:00,-0.0025250017318464188
2020-06-19 00:00:00+00:00,-0.004743006683137213
2020-06-20 00:00:00+00:00,0.0017248394957254678
2020-06-21 00:00:00+00:00,-0.001183580612744907
2020-06-22 00:00:00+00:00,0.01420448121082456
2020-06-23 00:00:00+00:00,-0.0007618459855590703
2020-06-24 00:00:00+00:00,-0.013540312150309906
2020-06-25 00:00:00+00:00,-0.0
2020-06-26 00:00:00+00:00,-0.0
2020-06-27 00:00:00+00:00,-0.0
2020-06-28 00:00:00+00:00,0.0
2020-06-29 00:00:00+00:00,-0.000648278773209457
2020-06-30 00:00:00+00:00,0.002471981091578929
2020-07-01 00:00:00+00:00,-0.00440491565384376
2020-07-02 00:00:00+00:00,0.005209395058026695
2020-07-03 00:00:00+00:00,0.0018335384567827054
2020-07-04 00:00:00+00:00,-0.002421942262726059
2020-07-05 00:00:00+00:00,0.0031827826183709164
2020-07-06 00:00:00+00:00,-0.016855431598872844
2020-07-07 00:00:00+00:00,0.006328401637172113
2020-07-08 00:00:00+00:00,-0.009189218395824613
2020-07-09 00:00:00+00:00,0.00784985605216405
2020-07-10 00:00:00+00:00,-6.960851342062835e-05
2020-07-11 00:00:00+00:00,0.0020897949986570415
2020-07-12 00:00:00+00:00,-0.002076957672026566
2020-07-13 00:00:00+00:00,0.0018993737414355067
2020-07-14 00:00:00+00:00,-4.2237515081378715e-06
2020-07-15 00:00:00+00:00,0.0031371084015619803
2020-07-16 00:00:00+00:00,0.003919359688474318
2020-07-17 00:00:00+00:00,-0.0013163901987086116
2020-07-18 00:00:00+00:00,-0.0005611302583876204
2020-07-19 00:00:00+00:00,-0.0019430075909608938
2020-07-20 00:00:00+00:00,0.0015560208357881854
2020-07-21 00:00:00+00:00,-0.01592432452877711
2020-07-22 00:00:00+00:00,-0.010507440529895816
2020-07-23 00:00:00+00:00,-0.003871637386573412
2020-07-24 00:00:00+00:00,0.0031132471408126757
2020-07-25 00:00:00+00:00,-0.010174240381859309
2020-07-26 00:00:00+00:00,-0.017348412412960926
2020-07-27 00:00:00+00:00,-0.0004979610818298503
2020-07-28 00:00:00+00:00,-0.0023763785522568693
2020-07-29 00:00:00+00:00,0.005763325490362336
2020-07-30 00:00:00+00:00,0.00032235822697535075
2020-07-31 00:00:00+00:00,0.006799141232858351
2020-08-01 00:00:00+00:00,0.014005061440626214
2020-08-02 00:00:00+00:00,-0.02292002611890803
2020-08-03 00:00:00+00:00,0.005280049680601219
2020-08-04 00:00:00+00:00,-0.0011505498094955384
2020-08-05 00:00:00+00:00,0.015296852749980135
2020-08-06 00:00:00+00:00,0.0008645276680837754
2020-08-07 00:00:00+00:00,-0.004980032175671505
2020-08-08 00:00:00+00:00,0.004290544767371413
2020-08-09 00:00:00+00:00,-0.0022876798761567226
2020-08-10 00:00:00+00:00,0.005977823893454361
2020-08-11 00:00:00+00:00,-0.014445604427870112
2020-08-12 00:00:00+00:00,0.00508298896858665
2020-08-13 00:00:00+00:00,0.005880719256513529
2020-08-14 00:00:00+00:00,-0.00047725442293582686
2020-08-15 00:00:00+00:00,0.0029837464992598
2020-08-16 00:00:00+00:00,0.000845140020557007
2020-08-17 00:00:00+00:00,0.01171964936847544
2020-08-18 00:00:00+00:00,-0.008501474911852373
2020-08-19 00:00:00+00:00,-0.007587090797548332
2020-08-20 00:00:00+00:00,0.0039123641884683015
2020-08-21 00:00:00+00:00,-0.009726623564619626
2020-08-22 00:00:00+00:00,0.003006444406734589
2020-08-23 00:00:00+00:00,-0.0006116304307751394
2020-08-24 00:00:00+00:00,
2020-08-25 00:00:00+00:00,-0.0
2020-08-26 00:00:00+00:00,0.0
2020-08-27 00:00:00+00:00,-0.0
2020-08-28 00:00:00+00:00,0.0
2020-08-29 00:00:00+00:00,-0.0
2020-08-30 00:00:00+00:00,0.0
2020-08-31 00:00:00+00:00,-0.0
2020-09-01 00:00:00+00:00,0.0
2020-09-02 00:00:00+00:00,-0.0
2020-09-03 00:00:00+00:00,-0.0
2020-09-04 00:00:00+00:00,0.0
2020-09-05 00:00:00+00:00,-0.0
2020-09-06 00:00:00+00:00,0.0
2020-09-07 00:00:00+00:00,0.0
2020-09-08 00:00:00+00:00,-0.0
2020-09-09 00:00:00+00:00,0.0
2020-09-10 00:00:00+00:00,0.0
2020-09-11 00:00:00+00:00,0.0
2020-09-12 00:00:00+00:00,0.0
2020-09-13 00:00:00+00:00,-0.0
2020-09-14 00:00:00+00:00,0.0
2020-09-15 00:00:00+00:00,0.0
2020-09-16 00:00:00+00:00,0.0
2020-09-17 00:00:00+00:00,-0.0
2020-09-18 00:00:00+00:00,-0.0
2020-09-19 00:00:00+00:00,0.0
2020-09-20 00:00:00+00:00,-0.0
2020-09-21 00:00:00+00:00,-0.0
2020-09-22 00:00:00+00:00,0.0
2020-09-23 00:00:00+00:00,-0.0
2020-09-24 00:00:00+00:00,0.0
2020-09-25 00:00:00+00:00,-0.0
2020-09-26 00:00:00+00:00,0.0
2020-09-27 00:00:00+00:00,0.0
2020-09-28 00:00:00+00:00,-0.0
2020-09-29 00:00:00+00:00,0.0
2020-09-30 00:00:00+00:00,-0.0
2020-10-01 00:00:00+00:00,-0.0
2020-10-02 00:00:00+00:00,-0.0
2020-10-03 00:00:00+00:00,-0.0
2020-10-04 00:00:00+00:00,0.0
2020-10-05 00:00:00+00:00,0.0
2020-10-06 00:00:00+00:00,-0.0
2020-10-07 00:00:00+00:00,0.0
2020-10-08 00:00:00+00:00,0.0
2020-10-09 00:00:00+00:00,0.0
2020-10-10 00:00:00+00:00,0.0
2020-10-11 00:00:00+00:00,0.0
2020-10-12 00:00:00+00:00,0.0
2020-10-13 00:00:00+00:00,-0.0007395150324186448
2020-10-14 00:00:00+00:00,0.0001306437028908922
2020-10-15 00:00:00+00:00,0.0029029058332980754
2020-10-16 00:00:00+00:00,-0.007992277463920174
2020-10-17 00:00:00+00:00,0.0016492036340947148
2020-10-18 00:00:00+00:00,0.0059675008229888235
2020-10-19 00:00:00+00:00,0.012423615048270253
2020-10-20 00:00:00+00:00,0.00809747137061313
2020-10-21 00:00:00+00:00,0.04089034540067687
2020-10-22 00:00:00+00:00,0.004349991850418618
2020-10-23 00:00:00+00:00,-0.001102450111344802
2020-10-24 00:00:00+00:00,0.005677168527045797
2020-10-25 00:00:00+00:00,-0.0025631641536413064
2020-10-26 00:00:00+00:00,0.0014711770681820327
2020-10-27 00:00:00+00:00,0.019746421301996258
2020-10-28 00:00:00+00:00,-0.012263545815198024
2020-10-29 00:00:00+00:00,0.005049010469842195
2020-10-30 00:00:00+00:00,0.0033545379835866578
2020-10-31 00:00:00+00:00,0.007420809116733689
2020-11-01 00:00:00+00:00,-0.0014361399024791493
2020-11-02 00:00:00+00:00,-0.006238507806257802
2020-11-03 00:00:00+00:00,0.013264515560940063
2020-11-04 00:00:00+00:00,0.005897507458278899
2020-11-05 00:00:00+00:00,0.045302562243745084
2020-11-06 00:00:00+00:00,-0.0002972702567162342
2020-11-07 00:00:00+00:00,-0.01574468669367363
2020-11-08 00:00:00+00:00,0.012626503861001429
2020-11-09 00:00:00+00:00,-0.002832336705265762
2020-11-10 00:00:00+00:00,-0.0008280149130854269
2020-11-11 00:00:00+00:00,0.008200674358524073
2020-11-12 00:00:00+00:00,0.011395204919274506
2020-11-13 00:00:00+00:00,0.0007984989717468886
2020-11-14 00:00:00+00:00,-0.005082431075393503
2020-11-15 00:00:00+00:00,-0.002340606960671695
2020-11-16 00:00:00+00:00,0.015768592209055677
2020-11-17 00:00:00+00:00,0.017846287987590376
2020-11-18 00:00:00+00:00,0.0028285236811158685
2020-11-19 00:00:00+00:00,0.00022770456856408976
2020-11-20 00:00:00+00:00,0.014892655035090411
2020-11-21 00:00:00+00:00,0.00036267196854668037
2020-11-22 00:00:00+00:00,-0.005054997827586959
2020-11-23 00:00:00+00:00,-0.00012399644581016385
2020-11-24 00:00:00+00:00,0.013993542400714222
2020-11-25 00:00:00+00:00,-0.006979844202654842
2020-11-26 00:00:00+00:00,-0.030707441309238775
2020-11-27 00:00:00+00:00,-0.0006572728110654538
2020-11-28 00:00:00+00:00,0.009441337253565175
2020-11-29 00:00:00+00:00,0.006966075218664992
2020-11-30 00:00:00+00:00,0.021302867174467416
2020-12-01 00:00:00+00:00,-0.010909165017427305
2020-12-02 00:00:00+00:00,0.005141917945042717
2020-12-03 00:00:00+00:00,0.003190565805722963
2020-12-04 00:00:00+00:00,-0.010247879963616894
2020-12-05 00:00:00+00:00,0.006134236774067315
2020-12-06 00:00:00+00:00,0.002589792106603515
2020-12-07 00:00:00+00:00,-0.0021726151095384978
2020-12-08 00:00:00+00:00,-0.012955615136863398
2020-12-09 00:00:00+00:00,0.0033623561821330577
2020-12-10 00:00:00+00:00,-0.004336669843972969
2020-12-11 00:00:00+00:00,-0.0032127168812216772
2020-12-12 00:00:00+00:00,0.011715014462923248
2020-12-13 00:00:00+00:00,0.005103514548704522
2020-12-14 00:00:00+00:00,0.0015847964733241042
2020-12-15 00:00:00+00:00,0.002669278092849176
2020-12-16 00:00:00+00:00,0.029197061247556895
2020-12-17 00:00:00+00:00,0.017575823484272238
2020-12-18 00:00:00+00:00,0.0035919840961320844
2020-12-19 00:00:00+00:00,0.008000386118096283
2020-12-20 00:00:00+00:00,-0.00438316152448151
2020-12-21 00:00:00+00:00,-0.0077567399789122285
2020-12-22 00:00:00+00:00,
2020-12-23 00:00:00+00:00,-0.0
2020-12-24 00:00:00+00:00,0.0
2020-12-25 00:00:00+00:00,0.0
2020-12-26 00:00:00+00:00,0.0
2020-12-27 00:00:00+00:00,-0.0
2020-12-28 00:00:00+00:00,0.0
2020-12-29 00:00:00+00:00,0.0
2020-12-30 00:00:00+00:00,0.0
2020-12-31 00:00:00+00:00,0.0
2021-01-01 00:00:00+00:00,0.0
2021-01-02 00:00:00+00:00,0.0
2021-01-03 00:00:00+00:00,0.0
2021-01-04 00:00:00+00:00,-0.0
2021-01-05 00:00:00+00:00,0.0
2021-01-06 00:00:00+00:00,0.0
2021-01-07 00:00:00+00:00,0.0
2021-01-08 00:00:00+00:00,0.0
2021-01-09 00:00:00+00:00,-0.0
2021-01-10 00:00:00+00:00,-0.0
2021-01-11 00:00:00+00:00,-0.0
2021-01-12 00:00:00+00:00,-0.0
2021-01-13 00:00:00+00:00,0.0
2021-01-14 00:00:00+00:00,0.0
2021-01-15 00:00:00+00:00,-0.0
2021-01-16 00:00:00+00:00,-0.0
2021-01-17 00:00:00+00:00,-0.0
2021-01-18 00:00:00+00:00,0.0
2021-01-19 00:00:00+00:00,-0.0
2021-01-20 00:00:00+00:00,-0.0
2021-01-21 00:00:00+00:00,-0.0
2021-01-22 00:00:00+00:00,0.0
2021-01-23 00:00:00+00:00,-0.0
2021-01-24 00:00:00+00:00,0.0
2021-01-25 00:00:00+00:00,0.0
2021-01-26 00:00:00+00:00,0.0
2021-01-27 00:00:00+00:00,-0.0
2021-01-28 00:00:00+00:00,0.0
2021-01-29 00:00:00+00:00,0.0
2021-01-30 00:00:00+00:00,-0.0
2021-01-31 00:00:00+00:00,-0.0
2021-02-01 00:00:00+00:00,0.0
2021-02-02 00:00:00+00:00,0.0
2021-02-03 00:00:00+00:00,0.0
2021-02-04 00:00:00+00:00,-0.0
2021-02-05 00:00:00+00:00,0.0
2021-02-06 00:00:00+00:00,0.0
2021-02-07 00:00:00+00:00,-0.0
2021-02-08 00:00:00+00:00,0.0
2021-02-09 00:00:00+00:00,-0.0002427748349744733
2021-02-10 00:00:00+00:00,-0.005537751745937469
2021-02-11 00:00:00+00:00,0.010516483402923124
2021-02-12 00:00:00+00:00,-0.0014021090759143919
2021-02-13 00:00:00+00:00,-0.00143406058293869
2021-02-14 00:00:00+00:00,0.005836960087956728
2021-02-15 00:00:00+00:00,-0.0028636001133511813
2021-02-16 00:00:00+00:00,0.004713781410308067
2021-02-17 00:00:00+00:00,0.010978648999192446
2021-02-18 00:00:00+00:00,-0.0017258389414760362
2021-02-19 00:00:00+00:00,0.015248504362331756
2021-02-20 00:00:00+00:00,0.0007122675120460499
2021-02-21 00:00:00+00:00,0.004980039895084565
2021-02-22 00:00:00+00:00,-0.012148791278248262
2021-02-23 00:00:00+00:00,-0.020190750612725218
2021-02-24 00:00:00+00:00,0.0030152903961864607
2021-02-25 00:00:00+00:00,-0.009422953510512186
2021-02-26 00:00:00+00:00,-0.002805606117422192
2021-02-27 00:00:00+00:00,-0.0005927270389225012
2021-02-28 00:00:00+00:00,-0.004252218666030648
2021-03-01 00:00:00+00:00,0.017945216761388973
2021-03-02 00:00:00+00:00,-0.0044935314305958
2021-03-03 00:00:00+00:00,0.007834863078306421
2021-03-04 00:00:00+00:00,-0.007271920164296204
2021-03-05 00:00:00+00:00,0.0013692217752907896
2021-03-06 00:00:00+00:00,-6.745054414904932e-05
2021-03-07 00:00:00+00:00,0.00898652195079167
2021-03-08 00:00:00+00:00,0.003965399995442511
2021-03-09 00:00:00+00:00,0.00981392654767352
2021-03-10 00:00:00+00:00,0.004381454380279876
2021-03-11 00:00:00+00:00,0.00668389591282062
2021-03-12 00:00:00+00:00,-0.00179613015390762
2021-03-13 00:00:00+00:00,0.014730270471212094
2021-03-14 00:00:00+00:00,-0.007044311472691019
2021-03-15 00:00:00+00:00,-0.012862249481445084
2021-03-16 00:00:00+00:00,0.0033015509391907333
2021-03-17 00:00:00+00:00,0.007661699708039536
2021-03-18 00:00:00+00:00,-0.003802262297088969
2021-03-19 00:00:00+00:00,0.0018650477403893873
2021-03-20 00:00:00+00:00,-0.00014207753146880487
2021-03-21 00:00:00+00:00,-0.0032648410960096222
2021-03-22 00:00:00+00:00,-0.013086512420669631
2021-03-23 00:00:00+00:00,0.0008911567129859211
2021-03-24 00:00:00+00:00,-0.0088872448000508
2021-03-25 00:00:00+00:00,-0.004998013994098515
2021-03-26 00:00:00+00:00,0.016025247238929403
2021-03-27 00:00:00+00:00,0.0035297259600758084
2021-03-28 00:00:00+00:00,-0.0001108270620083356
2021-03-29 00:00:00+00:00,0.00792544010663097
2021-03-30 00:00:00+00:00,0.00507665679383096
2021-03-31 00:00:00+00:00,-7.885369589843024e-06
2021-04-01 00:00:00+00:00,0.0007960852081908762
2021-04-02 00:00:00+00:00,0.0013450219738892124
2021-04-03 00:00:00+00:00,-0.008785737441663862
2021-04-04 00:00:00+00:00,0.0056885528456707855
2021-04-05 00:00:00+00:00,0.0014805883694110726
2021-04-06 00:00:00+00:00,-0.004502382821674192
2021-04-07 00:00:00+00:00,-0.011674513799687942
2021-04-08 00:00:00+00:00,0.012083901852534737
2021-04-09 00:00:00+00:00,-0.0004193139360103448
2021-04-10 00:00:00+00:00,0.008086605582015596
2021-04-11 00:00:00+00:00,0.0021306299756069604
2021-04-12 00:00:00+00:00,-0.0016918404857338002
2021-04-13 00:00:00+00:00,0.0194576623537705
2021-04-14 00:00:00+00:00,-0.0019288560104985296
2021-04-15 00:00:00+00:00,0.0010071044753147264
2021-04-16 00:00:00+00:00,-0.00912759611527756
2021-04-17 00:00:00+00:00,-0.004715449261215621
2021-04-18 00:00:00+00:00,-0.025326186587702464
2021-04-19 00:00:00+00:00,-0.00245395615226995
2021-04-20 00:00:00+00:00,0.0038161035109337896
2021-04-21 00:00:00+00:00,
2021-04-22 00:00:00+00:00,-0.0
2021-04-23 00:00:00+00:00,-0.0
2021-04-24 00:00:00+00:00,-0.0
2021-04-25 00:00:00+00:00,-0.0
2021-04-26 00:00:00+00:00,0.0
2021-04-27 00:00:00+00:00,0.0
2021-04-28 00:00:00+00:00,-0.0
2021-04-29 00:00:00+00:00,-0.0
2021-04-30 00:00:00+00:00,0.0
2021-05-01 00:00:00+00:00,0.0
2021-05-02 00:00:00+00:00,-0.0
2021-05-03 00:00:00+00:00,0.0
2021-05-04 00:00:00+00:00,-0.0
2021-05-05 00:00:00+00:00,0.0
2021-05-06 00:00:00+00:00,-0.0
2021-05-07 00:00:00+00:00,0.0
2021-05-08 00:00:00+00:00,0.0
2021-05-09 00:00:00+00:00,-0.0
2021-05-10 00:00:00+00:00,-0.0
2021-05-11 00:00:00+00:00,0.0
2021-05-12 00:00:00+00:00,-0.0
2021-05-13 00:00:00+00:00,0.0
2021-05-14 00:00:00+00:00,0.0
2021-05-15 00:00:00+00:00,-0.0
2021-05-16 00:00:00+00:00,-0.0
2021-05-17 00:00:00+00:00,-0.0
2021-05-18 00:00:00+00:00,-0.0
2021-05-19 00:00:00+00:00,-0.0
2021-05-20 00:00:00+00:00,0.0
2021-05-21 00:00:00+00:00,-0.0
2021-05-22 00:00:00+00:00,0.0
2021-05-23 00:00:00+00:00,-0.0
2021-05-24 00:00:00+00:00,0.0
2021-05-25 00:00:00+00:00,-0.0
2021-05-26 00:00:00+00:00,0.0
2021-05-27 00:00:00+00:00,-0.0
2021-05-28 00:00:00+00:00,-0.0
2021-05-29 00:00:00+00:00,-0.0
2021-05-30 00:00:00+00:00,0.0
2021-05-31 00:00:00+00:00,0.0
2021-06-01 00:00:00+00:00,-0.0
2021-06-02 00:00:00+00:00,0.0
2021-06-03 00:00:00+00:00,0.0
2021-06-04 00:00:00+00:00,-0.0
2021-06-05 00:00:00+00:00,-0.0
2021-06-06 00:00:00+00:00,0.0
2021-06-07 00:00:00+00:00,-0.0
2021-06-08 00:00:00+00:00,-0.0
2021-06-09 00:00:00+00:00,-0.00024459024191899535
2021-06-10 00:00:00+00:00,0.0028218984422921935
2021-06-11 00:00:00+00:00,-0.002880801320312861
2021-06-12 00:00:00+00:00,0.008462057236005639
2021-06-13 00:00:00+00:00,-0.016672872309516307
2021-06-14 00:00:00+00:00,-0.004599169145699279
2021-06-15 00:00:00+00:00,-0.000784781125154851
2021-06-16 00:00:00+00:00,0.009010973865268512
2021-06-17 00:00:00+00:00,0.001318782357790096
2021-06-18 00:00:00+00:00,0.010961679474089095
2021-06-19 00:00:00+00:00,0.0008428144210610094
2021-06-20 00:00:00+00:00,-0.00043319784244589247
2021-06-21 00:00:00+00:00,0.022621060267405218
2021-06-22 00:00:00+00:00,-0.004365406224830949
2021-06-23 00:00:00+00:00,-0.006318301217175863
2021-06-24 00:00:00+00:00,-0.004768634620756375
2021-06-25 00:00:00+00:00,0.016133234778224086
2021-06-26 00:00:00+00:00,-0.002908016887178215
2021-06-27 00:00:00+00:00,-0.01277501055463725
2021-06-28 00:00:00+00:00,0.001030200693324685
2021-06-29 00:00:00+00:00,-0.007029191268988802
2021-06-30 00:00:00+00:00,0.004058290869399074
2021-07-01 00:00:00+00:00,0.00766923672133482
2021-07-02 00:00:00+00:00,-0.0017591454161051943
2021-07-03 00:00:00+00:00,-0.004224743269881096
2021-07-04 00:00:00+00:00,-0.003407309824326178
2021-07-05 00:00:00+00:00,0.008817789681710252
2021-07-06 00:00:00+00:00,-0.0028681362025293248
2021-07-07 00:00:00+00:00,0.002270826111452168
2021-07-08 00:00:00+00:00,0.006181077301349315
2021-07-09 00:00:00+00:00,-0.005966077836315359
2021-07-10 00:00:00+00:00,0.0017958207363655504
2021-07-11 00:00:00+00:00,-0.004818335114243999
2021-07-12 00:00:00+00:00,0.007445240414638016
2021-07-13 00:00:00+00:00,0.003227733587519435
2021-07-14 00:00:00+00:00,-0.0009022636332314425
2021-07-15 00:00:00+00:00,0.008067614474473787
2021-07-16 00:00:00+00:00,0.0028748149414204414
2021-07-17 00:00:00+00:00,-0.0009422389175136494
2021-07-18 00:00:00+00:00,-0.0022663673076194677
2021-07-19 00:00:00+00:00,0.008702753525176942
2021-07-20 00:00:00+00:00,0.009399131839766286
2021-07-21 00:00:00+00:00,-0.02130313400509438
2021-07-22 00:00:00+00:00,-0.0015719580661389583
2021-07-23 00:00:00+00:00,-0.009867331530504158
2021-07-24 00:00:00+00:00,-0.0053471164795516335
2021-07-25 00:00:00+00:00,-0.007929360565901968
2021-07-26 00:00:00+00:00,-0.01446737725185458
2021-07-27 00:00:00+00:00,-0.013838668792206143
2021-07-28 00:00:00+00:00,-0.0037485474408015316
2021-07-29 00:00:00+00:00,-0.0004717620732527849
2021-07-30 00:00:00+00:00,0.0
2021-07-31 00:00:00+00:00,-0.0
2021-08-01 00:00:00+00:00,-0.0
2021-08-02 00:00:00+00:00,-0.0
2021-08-03 00:00:00+00:00,-0.0
2021-08-04 00:00:00+00:00,0.0
2021-08-05 00:00:00+00:00,0.0
2021-08-06 00:00:00+00:00,0.0
2021-08-07 00:00:00+00:00,0.0
2021-08-08 00:00:00+00:00,-0.0
2021-08-09 00:00:00+00:00,-0.00040048587039536105
2021-08-10 00:00:00+00:00,-0.004535910263355056
2021-08-11 00:00:00+00:00,3.8534508048736463e-05
2021-08-12 00:00:00+00:00,-0.00719623760200336
2021-08-13 00:00:00+00:00,0.02019077971335472
2021-08-14 00:00:00+00:00,-0.0037778179999016547
2021-08-15 00:00:00+00:00,-0.00028885912621517084
2021-08-16 00:00:00+00:00,-0.0060298376054623674
2021-08-17 00:00:00+00:00,-0.007813463860098771
2021-08-18 00:00:00+00:00,0.0006251101041681309
2021-08-19 00:00:00+00:00,
2021-08-20 00:00:00+00:00,0.0
2021-08-21 00:00:00+00:00,-0.0
2021-08-22 00:00:00+00:00,0.0
2021-08-23 00:00:00+00:00,0.0
2021-08-24 00:00:00+00:00,-0.0
2021-08-25 00:00:00+00:00,0.0
2021-08-26 00:00:00+00:00,-0.0
2021-08-27 00:00:00+00:00,0.0
2021-08-28 00:00:00+00:00,-0.0
2021-08-29 00:00:00+00:00,-0.0
2021-08-30 00:00:00+00:00,-0.0
2021-08-31 00:00:00+00:00,0.0
2021-09-01 00:00:00+00:00,0.0
2021-09-02 00:00:00+00:00,0.0
2021-09-03 00:00:00+00:00,0.0
2021-09-04 00:00:00+00:00,-0.0
2021-09-05 00:00:00+00:00,0.0
2021-09-06 00:00:00+00:00,0.0
2021-09-07 00:00:00+00:00,-0.0
2021-09-08 00:00:00+00:00,-0.0
2021-09-09 00:00:00+00:00,0.0
2021-09-10 00:00:00+00:00,-0.0
2021-09-11 00:00:00+00:00,0.0
2021-09-12 00:00:00+00:00,0.0
2021-09-13 00:00:00+00:00,-0.0
2021-09-14 00:00:00+00:00,0.0
2021-09-15 00:00:00+00:00,0.0
2021-09-16 00:00:00+00:00,-0.0
2021-09-17 00:00:00+00:00,-0.0
2021-09-18 00:00:00+00:00,0.0
2021-09-19 00:00:00+00:00,-0.0
2021-09-20 00:00:00+00:00,-0.0
2021-09-21 00:00:00+00:00,-0.0
2021-09-22 00:00:00+00:00,0.0
2021-09-23 00:00:00+00:00,0.0
2021-09-24 00:00:00+00:00,-0.0
2021-09-25 00:00:00+00:00,-0.0
2021-09-26 00:00:00+00:00,0.0
2021-09-27 00:00:00+00:00,-0.0
2021-09-28 00:00:00+00:00,-0.0
2021-09-29 00:00:00+00:00,0.0
2021-09-30 00:00:00+00:00,0.0
2021-10-01 00:00:00+00:00,0.0
2021-10-02 00:00:00+00:00,-0.0
2021-10-03 00:00:00+00:00,0.0
2021-10-04 00:00:00+00:00,0.0
2021-10-05 00:00:00+00:00,0.0
2021-10-06 00:00:00+00:00,0.0
2021-10-07 00:00:00+00:00,-0.0
2021-10-08 00:00:00+00:00,0.0
2021-10-09 00:00:00+00:00,0.0
2021-10-10 00:00:00+00:00,-0.0
2021-10-11 00:00:00+00:00,-0.0003641578888258741
2021-10-12 00:00:00+00:00,-0.006175878298251234
2021-10-13 00:00:00+00:00,0.005823147203909359
2021-10-14 00:00:00+00:00,-0.0003588671554445788
2021-10-15 00:00:00+00:00,0.018532558722761973
2021-10-16 00:00:00+00:00,-0.002811839463129117
2021-10-17 00:00:00+00:00,0.0026817183269661747
2021-10-18 00:00:00+00:00,0.001958585984896829
2021-10-19 00:00:00+00:00,0.009427116199766519
2021-10-20 00:00:00+00:00,0.007207295002492523
2021-10-21 00:00:00+00:00,-0.016544253554974003
2021-10-22 00:00:00+00:00,-0.006225038005153614
2021-10-23 00:00:00+00:00,0.0028985768485049624
2021-10-24 00:00:00+00:00,-0.001992449206939056
2021-10-25 00:00:00+00:00,0.009152362900529523
2021-10-26 00:00:00+00:00,-0.011850893911894594
2021-10-27 00:00:00+00:00,-0.008328688696235735
2021-10-28 00:00:00+00:00,0.009442610210518515
2021-10-29 00:00:00+00:00,0.0069036594025388325
2021-10-30 00:00:00+00:00,-0.0014888636718674042
2021-10-31 00:00:00+00:00,-0.002586138924522605
2021-11-01 00:00:00+00:00,-0.0014838404988704724
2021-11-02 00:00:00+00:00,0.010545182111731513
2021-11-03 00:00:00+00:00,-0.001213062237834206
2021-11-04 00:00:00+00:00,-0.007425070880645157
2021-11-05 00:00:00+00:00,-0.0016410394910078016
2021-11-06 00:00:00+00:00,0.002046910103792334
2021-11-07 00:00:00+00:00,0.00937488150707183
2021-11-08 00:00:00+00:00,0.021207693679412408
2021-11-09 00:00:00+00:00,-0.0026516207253030346
2021-11-10 00:00:00+00:00,-0.009161579084667497
2021-11-11 00:00:00+00:00,-0.0002248722631647052
2021-11-12 00:00:00+00:00,-0.0038408489016949748
2021-11-13 00:00:00+00:00,0.001537257404318006
2021-11-14 00:00:00+00:00,0.005042275778029402
2021-11-15 00:00:00+00:00,-0.010030088130354546
2021-11-16 00:00:00+00:00,-0.018383095386421702
2021-11-17 00:00:00+00:00,0.0010348311441685442
2021-11-18 00:00:00+00:00,-0.018506010802566485
2021-11-19 00:00:00+00:00,0.005988631239995434
2021-11-20 00:00:00+00:00,0.007947161618040838
2021-11-21 00:00:00+00:00,-0.004880098544133179
2021-11-22 00:00:00+00:00,-0.013000193612015185
2021-11-23 00:00:00+00:00,0.006290807347253674
2021-11-24 00:00:00+00:00,-0.0
2021-11-25 00:00:00+00:00,0.0
2021-11-26 00:00:00+00:00,-0.0
2021-11-27 00:00:00+00:00,0.0
2021-11-28 00:00:00+00:00,0.0
2021-11-29 00:00:00+00:00,0.0
2021-11-30 00:00:00+00:00,-0.0
2021-12-01 00:00:00+00:00,0.0
2021-12-02 00:00:00+00:00,-0.0
2021-12-03 00:00:00+00:00,-0.0
2021-12-04 00:00:00+00:00,-0.0
2021-12-05 00:00:00+00:00,0.0
2021-12-06 00:00:00+00:00,0.0
2021-12-07 00:00:00+00:00,0.0
2021-12-08 00:00:00+00:00,-0.0
2021-12-09 00:00:00+00:00,-0.0
2021-12-10 00:00:00+00:00,-0.000422403506569188
2021-12-11 00:00:00+00:00,-0.012375815778582893
2021-12-12 00:00:00+00:00,-0.003987601679196929
2021-12-13 00:00:00+00:00,0.019044909862272433
2021-12-14 00:00:00+00:00,0.0006715097921252566
2021-12-15 00:00:00+00:00,-0.012653205153386905
2021-12-16 00:00:00+00:00,0.00643609605803889
2021-12-17 00:00:00+00:00,
2021-12-18 00:00:00+00:00,0.0
2021-12-19 00:00:00+00:00,-0.0
2021-12-20 00:00:00+00:00,0.0
2021-12-21 00:00:00+00:00,0.0
2021-12-22 00:00:00+00:00,-0.0
2021-12-23 00:00:00+00:00,0.0
2021-12-24 00:00:00+00:00,0.0
2021-12-25 00:00:00+00:00,-0.0
2021-12-26 00:00:00+00:00,0.0
2021-12-27 00:00:00+00:00,-0.0
2021-12-28 00:00:00+00:00,-0.0
2021-12-29 00:00:00+00:00,-0.0
2021-12-30 00:00:00+00:00,0.0
2021-12-31 00:00:00+00:00,-0.0
2022-01-01 00:00:00+00:00,0.0
2022-01-02 00:00:00+00:00,-0.0
2022-01-03 00:00:00+00:00,-0.0
2022-01-04 00:00:00+00:00,-0.0
2022-01-05 00:00:00+00:00,-0.0
2022-01-06 00:00:00+00:00,-0.0
2022-01-07 00:00:00+00:00,-0.0
2022-01-08 00:00:00+00:00,0.0
2022-01-09 00:00:00+00:00,0.0
2022-01-10 00:00:00+00:00,-0.0
2022-01-11 00:00:00+00:00,0.0
2022-01-12 00:00:00+00:00,0.0
2022-01-13 00:00:00+00:00,-0.0
2022-01-14 00:00:00+00:00,0.0
2022-01-15 00:00:00+00:00,0.0
2022-01-16 00:00:00+00:00,-0.0
2022-01-17 00:00:00+00:00,-0.0
2022-01-18 00:00:00+00:00,0.0
2022-01-19 00:00:00+00:00,-0.0
2022-01-20 00:00:00+00:00,-0.0
2022-01-21 00:00:00+00:00,-0.0
2022-01-22 00:00:00+00:00,-0.0
2022-01-23 00:00:00+00:00,0.0
2022-01-24 00:00:00+00:00,0.0
2022-01-25 00:00:00+00:00,0.0
2022-01-26 00:00:00+00:00,-0.0
2022-01-27 00:00:00+00:00,0.0
2022-01-28 00:00:00+00:00,0.0
2022-01-29 00:00:00+00:00,0.0
2022-01-30 00:00:00+00:00,-0.0
2022-01-31 00:00:00+00:00,0.0
2022-02-01 00:00:00+00:00,0.0
2022-02-02 00:00:00+00:00,-0.0
2022-02-03 00:00:00+00:00,0.0
2022-02-04 00:00:00+00:00,-0.0003607352333696595
2022-02-05 00:00:00+00:00,0.00033416483840523377
2022-02-06 00:00:00+00:00,-0.00576732141981154
2022-02-07 00:00:00+00:00,-0.008435248365380302
2022-02-08 00:00:00+00:00,-0.0016453551670801189
2022-02-09 00:00:00+00:00,-0.0013429707833588131
2022-02-10 00:00:00+00:00,0.004849135208222519
2022-02-11 00:00:00+00:00,0.007558304139767415
2022-02-12 00:00:00+00:00,0.0006667810804836223
2022-02-13 00:00:00+00:00,-0.0
2022-02-14 00:00:00+00:00,0.0
2022-02-15 00:00:00+00:00,0.0
2022-02-16 00:00:00+00:00,-0.0
2022-02-17 00:00:00+00:00,-0.0
2022-02-18 00:00:00+00:00,-0.0
2022-02-19 00:00:00+00:00,-0.0004139510625156117
2022-02-20 00:00:00+00:00,-0.011886733388661983
2022-02-21 00:00:00+00:00,-0.009794076422837254
2022-02-22 00:00:00+00:00,0.008407614919241463
2022-02-23 00:00:00+00:00,-0.0
2022-02-24 00:00:00+00:00,0.0
2022-02-25 00:00:00+00:00,0.0
2022-02-26 00:00:00+00:00,-0.0
2022-02-27 00:00:00+00:00,-0.0
2022-02-28 00:00:00+00:00,0.0
2022-03-01 00:00:00+00:00,0.0
2022-03-02 00:00:00+00:00,-0.0
2022-03-03 00:00:00+00:00,-0.00032155272594757117
2022-03-04 00:00:00+00:00,-0.01744832318870713
2022-03-05 00:00:00+00:00,0.0013217670627130057
2022-03-06 00:00:00+00:00,-0.005181889543480027
2022-03-07 00:00:00+00:00,-0.00228598080422264
2022-03-08 00:00:00+00:00,0.0
2022-03-09 00:00:00+00:00,0.0
2022-03-10 00:00:00+00:00,-0.0
2022-03-11 00:00:00+00:00,-0.0
2022-03-12 00:00:00+00:00,-0.000318960233063976
2022-03-13 00:00:00+00:00,0.005835079921202925
2022-03-14 00:00:00+00:00,-0.010201328704042726
2022-03-15 00:00:00+00:00,0.001777229903116444
2022-03-16 00:00:00+00:00,-0.009979315183976609
2022-03-17 00:00:00+00:00,0.001028126758194287
2022-03-18 00:00:00+00:00,-0.0047091390491525685
2022-03-19 00:00:00+00:00,-0.002531540204640121
2022-03-20 00:00:00+00:00,-0.00037099737660581004
2022-03-21 00:00:00+00:00,0.0010081356938589487
2022-03-22 00:00:00+00:00,-0.008228989863711724
2022-03-23 00:00:00+00:00,0.0
2022-03-24 00:00:00+00:00,0.0
2022-03-25 00:00:00+00:00,0.0
2022-03-26 00:00:00+00:00,0.0
2022-03-27 00:00:00+00:00,0.0
2022-03-28 00:00:00+00:00,0.0
2022-03-29 00:00:00+00:00,0.0
2022-03-30 00:00:00+00:00,-0.0004652068824785704
2022-03-31 00:00:00+00:00,-0.010218624147778216
2022-04-01 00:00:00+00:00,0.00490340987659827
2022-04-02 00:00:00+00:00,-0.002812359736279375
2022-04-03 00:00:00+00:00,0.004049036682080267
2022-04-04 00:00:00+00:00,0.0011854536453994756
2022-04-05 00:00:00+00:00,-0.007917167174876411
2022-04-06 00:00:00+00:00,-0.018164518703383176
2022-04-07 00:00:00+00:00,0.002134581033949382
2022-04-08 00:00:00+00:00,-0.009177400067067189
2022-04-09 00:00:00+00:00,0.003761802969525542
2022-04-10 00:00:00+00:00,-0.00451887653784326
2022-04-11 00:00:00+00:00,-0.02256915921988825
2022-04-12 00:00:00+00:00,0.004611508792949648
2022-04-13 00:00:00+00:00,0.007914061727599881
2022-04-14 00:00:00+00:00,-0.009875914551762878
2022-04-15 00:00:00+00:00,0.0
2022-04-16 00:00:00+00:00,
2022-04-17 00:00:00+00:00,-0.0
2022-04-18 00:00:00+00:00,0.0
2022-04-19 00:00:00+00:00,0.0
2022-04-20 00:00:00+00:00,-0.0
2022-04-21 00:00:00+00:00,-0.0
2022-04-22 00:00:00+00:00,-0.0
2022-04-23 00:00:00+00:00,-0.0
2022-04-24 00:00:00+00:00,-0.0
2022-04-25 00:00:00+00:00,0.0
2022-04-26 00:00:00+00:00,-0.0
2022-04-27 00:00:00+00:00,0.0
2022-04-28 00:00:00+00:00,0.0
2022-04-29 00:00:00+00:00,-0.0
2022-04-30 00:00:00+00:00,-0.0
2022-05-01 00:00:00+00:00,0.0
2022-05-02 00:00:00+00:00,0.0
2022-05-03 00:00:00+00:00,-0.0
2022-05-04 00:00:00+00:00,0.0
2022-05-05 00:00:00+00:00,-0.0
2022-05-06 00:00:00+00:00,-0.0
2022-05-07 00:00:00+00:00,-0.0
2022-05-08 00:00:00+00:00,-0.0
2022-05-09 00:00:00+00:00,-0.0
2022-05-10 00:00:00+00:00,0.0
2022-05-11 00:00:00+00:00,-0.0
2022-05-12 00:00:00+00:00,0.0
2022-05-13 00:00:00+00:00,0.0
2022-05-14 00:00:00+00:00,0.0
2022-05-15 00:00:00+00:00,0.0
2022-05-16 00:00:00+00:00,-0.0
2022-05-17 00:00:00+00:00,0.0
2022-05-18 00:00:00+00:00,-0.0
2022-05-19 00:00:00+00:00,0.0
2022-05-20 00:00:00+00:00,-0.0
2022-05-21 00:00:00+00:00,0.0
2022-05-22 00:00:00+00:00,0.0
2022-05-23 00:00:00+00:00,-0.0
2022-05-24 00:00:00+00:00,0.0
2022-05-25 00:00:00+00:00,-0.0
2022-05-26 00:00:00+00:00,-0.0
2022-05-27 00:00:00+00:00,-0.0
2022-05-28 00:00:00+00:00,0.0
2022-05-29 00:00:00+00:00,0.0
2022-05-30 00:00:00+00:00,0.0
2022-05-31 00:00:00+00:00,0.0
2022-06-01 00:00:00+00:00,-0.0
2022-06-02 00:00:00+00:00,0.0
2022-06-03 00:00:00+00:00,-0.0
2022-06-04 00:00:00+00:00,-0.00038571419332714997
2022-06-05 00:00:00+00:00,-0.0006476258586659746
2022-06-06 00:00:00+00:00,-0.012707682428700956
2022-06-07 00:00:00+00:00,0.0017596983512000398
2022-06-08 00:00:00+00:00,0.008152803345425858
2022-06-09 00:00:00+00:00,0.0008976427149784377
2022-06-10 00:00:00+00:00,0.009644977711441953
2022-06-11 00:00:00+00:00,0.007010412354609326
2022-06-12 00:00:00+00:00,0.01650136418482996
2022-06-13 00:00:00+00:00,0.04734818280273082
2022-06-14 00:00:00+00:00,0.0022259435393172425
2022-06-15 00:00:00+00:00,-0.003011589305006424
2022-06-16 00:00:00+00:00,0.01909543598672873
2022-06-17 00:00:00+00:00,-0.0007870128571604712
2022-06-18 00:00:00+00:00,0.013399774687028902
2022-06-19 00:00:00+00:00,-0.014146099727547348
2022-06-20 00:00:00+00:00,-0.0003846421095609454
2022-06-21 00:00:00+00:00,-0.0009360990216920505
2022-06-22 00:00:00+00:00,0.006309734924409358
2022-06-23 00:00:00+00:00,-0.009787827817801669
2022-06-24 00:00:00+00:00,-0.0012371279448464094
2022-06-25 00:00:00+00:00,-0.0023345520318126785
2022-06-26 00:00:00+00:00,0.004205409714014646
2022-06-27 00:00:00+00:00,0.0027095546337758906
2022-06-28 00:00:00+00:00,0.004451660749157792
2022-06-29 00:00:00+00:00,0.0018044785168106247
2022-06-30 00:00:00+00:00,0.003423837589953795
2022-07-01 00:00:00+00:00,0.005841783379333959
2022-07-02 00:00:00+00:00,0.00031055564921073856
2022-07-03 00:00:00+00:00,-0.0006803148594244378
2022-07-04 00:00:00+00:00,-0.011473266285639041
2022-07-05 00:00:00+00:00,0.0004647585319985795
2022-07-06 00:00:00+00:00,-0.004260337890931699
2022-07-07 00:00:00+00:00,-0.012769802374022017
2022-07-08 00:00:00+00:00,-0.001040625450382573
2022-07-09 00:00:00+00:00,0.0015680273498608766
2022-07-10 00:00:00+00:00,0.008775647961689234
2022-07-11 00:00:00+00:00,0.011180129561348158
2022-07-12 00:00:00+00:00,0.008395712539468265
2022-07-13 00:00:00+00:00,-0.011668028556414162
2022-07-14 00:00:00+00:00,-0.0044171080663722145
2022-07-15 00:00:00+00:00,-0.003315679933698969
2022-07-16 00:00:00+00:00,-0.004455893047619838
2022-07-17 00:00:00+00:00,0.005286151111874747
2022-07-18 00:00:00+00:00,-0.021901385951736824
2022-07-19 00:00:00+00:00,-0.009623696308708856
2022-07-20 00:00:00+00:00,0.0016491630724592332
2022-07-21 00:00:00+00:00,0.000719158730380959
2022-07-22 00:00:00+00:00,0.005110099118910021
2022-07-23 00:00:00+00:00,0.0029272862728792945
2022-07-24 00:00:00+00:00,-0.0017587732278871336
2022-07-25 00:00:00+00:00,0.015628575342736834
2022-07-26 00:00:00+00:00,-0.0
2022-07-27 00:00:00+00:00,0.0
2022-07-28 00:00:00+00:00,0.0
2022-07-29 00:00:00+00:00,-0.0
2022-07-30 00:00:00+00:00,-0.0
2022-07-31 00:00:00+00:00,-0.0
2022-08-01 00:00:00+00:00,-0.0
2022-08-02 00:00:00+00:00,-0.0
2022-08-03 00:00:00+00:00,-0.0
2022-08-04 00:00:00+00:00,-0.0
2022-08-05 00:00:00+00:00,0.0
2022-08-06 00:00:00+00:00,-0.0
2022-08-07 00:00:00+00:00,0.0
2022-08-08 00:00:00+00:00,0.0
2022-08-09 00:00:00+00:00,-0.0
2022-08-10 00:00:00+00:00,0.0
2022-08-11 00:00:00+00:00,0.0
2022-08-12 00:00:00+00:00,0.0
2022-08-13 00:00:00+00:00,0.0
2022-08-14 00:00:00+00:00,
2022-08-15 00:00:00+00:00,-0.0
2022-08-16 00:00:00+00:00,-0.0
2022-08-17 00:00:00+00:00,-0.0
2022-08-18 00:00:00+00:00,-0.0
2022-08-19 00:00:00+00:00,-0.0
2022-08-20 00:00:00+00:00,0.0
2022-08-21 00:00:00+00:00,0.0
2022-08-22 00:00:00+00:00,-0.0
2022-08-23 00:00:00+00:00,0.0
2022-08-24 00:00:00+00:00,-0.0
2022-08-25 00:00:00+00:00,0.0
2022-08-26 00:00:00+00:00,-0.0
2022-08-27 00:00:00+00:00,-0.0
2022-08-28 00:00:00+00:00,-0.0
2022-08-29 00:00:00+00:00,0.0
2022-08-30 00:00:00+00:00,-0.0
2022-08-31 00:00:00+00:00,0.0
2022-09-01 00:00:00+00:00,0.0
2022-09-02 00:00:00+00:00,-0.0
2022-09-03 00:00:00+00:00,-0.0
2022-09-04 00:00:00+00:00,0.0
2022-09-05 00:00:00+00:00,-0.0
2022-09-06 00:00:00+00:00,-0.0
2022-09-07 00:00:00+00:00,0.0
2022-09-08 00:00:00+00:00,0.0
2022-09-09 00:00:00+00:00,0.0
2022-09-10 00:00:00+00:00,0.0
2022-09-11 00:00:00+00:00,0.0
2022-09-12 00:00:00+00:00,0.0
2022-09-13 00:00:00+00:00,-0.0
2022-09-14 00:00:00+00:00,-0.0
2022-09-15 00:00:00+00:00,-0.0
2022-09-16 00:00:00+00:00,0.0
2022-09-17 00:00:00+00:00,0.0
2022-09-18 00:00:00+00:00,-0.0
2022-09-19 00:00:00+00:00,0.0
2022-09-20 00:00:00+00:00,-0.0
2022-09-21 00:00:00+00:00,-0.0
2022-09-22 00:00:00+00:00,0.0
2022-09-23 00:00:00+00:00,-0.0
2022-09-24 00:00:00+00:00,-0.0
2022-09-25 00:00:00+00:00,-0.0
2022-09-26 00:00:00+00:00,0.0
2022-09-27 00:00:00+00:00,-0.0
2022-09-28 00:00:00+00:00,0.0
2022-09-29 00:00:00+00:00,0.0
2022-09-30 00:00:00+00:00,-0.0
2022-10-01 00:00:00+00:00,-0.0
2022-10-02 00:00:00+00:00,-0.000530999228925592
2022-10-03 00:00:00+00:00,-0.010618739528601451
2022-10-04 00:00:00+00:00,-0.012462991848242845
2022-10-05 00:00:00+00:00,0.0029467937360765964
2022-10-06 00:00:00+00:00,0.0035721205019048894
2022-10-07 00:00:00+00:00,0.0074481943253056175
2022-10-08 00:00:00+00:00,0.00242302931916225
2022-10-09 00:00:00+00:00,-0.0005978851340678085
2022-10-10 00:00:00+00:00,0.00614195136148096
2022-10-11 00:00:00+00:00,0.001856795209777748
2022-10-12 00:00:00+00:00,-0.0023010650988368447
2022-10-13 00:00:00+00:00,-0.00496915459570407
2022-10-14 00:00:00+00:00,0.004406559790604398
2022-10-15 00:00:00+00:00,0.0027220919187875806
2022-10-16 00:00:00+00:00,-0.00481551921836135
2022-10-17 00:00:00+00:00,-0.0068394060540344455
2022-10-18 00:00:00+00:00,0.005272631552400281
2022-10-19 00:00:00+00:00,0.004909690422473189
2022-10-20 00:00:00+00:00,0.0022180761160335077
2022-10-21 00:00:00+00:00,-0.0032248378342726366
2022-10-22 00:00:00+00:00,-0.0010126566573297189
2022-10-23 00:00:00+00:00,-0.01013772402341241
2022-10-24 00:00:00+00:00,0.006170133561116068
2022-10-25 00:00:00+00:00,-0.021152187836493516
2022-10-26 00:00:00+00:00,-0.016364221888596528
2022-10-27 00:00:00+00:00,0.011116944086742728
2022-10-28 00:00:00+00:00,-0.007644389313734949
2022-10-29 00:00:00+00:00,0.0
2022-10-30 00:00:00+00:00,-0.0
2022-10-31 00:00:00+00:00,-0.0007570368285488052
2022-11-01 00:00:00+00:00,-0.00028375413853770675
2022-11-02 00:00:00+00:00,-0.00836008173332824
2022-11-03 00:00:00+00:00,0.0012796367264237495
2022-11-04 00:00:00+00:00,0.024356645750822026
2022-11-05 00:00:00+00:00,0.002957205412939952
2022-11-06 00:00:00+00:00,-0.008143759304960831
2022-11-07 00:00:00+00:00,-0.007499598371129798
2022-11-08 00:00:00+00:00,-0.05126648026078227
2022-11-09 00:00:00+00:00,-0.04487467834356931
2022-11-10 00:00:00+00:00,0.019662585811356728
2022-11-11 00:00:00+00:00,-0.00567347026969636
2022-11-12 00:00:00+00:00,-0.0
2022-11-13 00:00:00+00:00,-0.0
2022-11-14 00:00:00+00:00,-0.00028541028926855723
2022-11-15 00:00:00+00:00,-0.003033436840724827
2022-11-16 00:00:00+00:00,0.002492728575748746
2022-11-17 00:00:00+00:00,-0.00022846501996361132
2022-11-18 00:00:00+00:00,-0.000138278549098426
2022-11-19 00:00:00+00:00,-0.00018793462937803957
2022-11-20 00:00:00+00:00,0.00564260680474331
2022-11-21 00:00:00+00:00,0.007169593989526432
2022-11-22 00:00:00+00:00,-0.005875643874235608
2022-11-23 00:00:00+00:00,-0.006053458380216735
2022-11-24 00:00:00+00:00,7.766424289828058e-05
2022-11-25 00:00:00+00:00,0.0012172601667132035
2022-11-26 00:00:00+00:00,0.0008766030527372318
2022-11-27 00:00:00+00:00,0.0003014731386052914
2022-11-28 00:00:00+00:00,0.003778686314690531
2022-11-29 00:00:00+00:00,-0.0039254854691608
2022-11-30 00:00:00+00:00,-0.012390688559085957
2022-12-01 00:00:00+00:00,0.0032812342958809556
2022-12-02 00:00:00+00:00,-0.00206547179976538
2022-12-03 00:00:00+00:00,0.003134516095190785
2022-12-04 00:00:00+00:00,-0.004003809913750471
2022-12-05 00:00:00+00:00,0.0028495296853131105
2022-12-06 00:00:00+00:00,-0.002193448662965626
2022-12-07 00:00:00+00:00,0.004733873639972799
2022-12-08 00:00:00+00:00,-0.0077460830392065165
2022-12-09 00:00:00+00:00,0.0019995494588043376
2022-12-10 00:00:00+00:00,7.400625856024179e-05
2022-12-11 00:00:00+00:00,0.0005095275485509762
2022-12-12 00:00:00+00:00,
2022-12-13 00:00:00+00:00,0.0
2022-12-14 00:00:00+00:00,0.0
2022-12-15 00:00:00+00:00,-0.0
2022-12-16 00:00:00+00:00,-0.0
2022-12-17 00:00:00+00:00,0.0
2022-12-18 00:00:00+00:00,-0.0
2022-12-19 00:00:00+00:00,-0.0
2022-12-20 00:00:00+00:00,0.0
2022-12-21 00:00:00+00:00,-0.0
2022-12-22 00:00:00+00:00,0.0
2022-12-23 00:00:00+00:00,-0.0
2022-12-24 00:00:00+00:00,0.0
2022-12-25 00:00:00+00:00,-0.0
2022-12-26 00:00:00+00:00,0.0
2022-12-27 00:00:00+00:00,-0.0
2022-12-28 00:00:00+00:00,-0.0
2022-12-29 00:00:00+00:00,0.0
2022-12-30 00:00:00+00:00,-0.0
2022-12-31 00:00:00+00:00,-0.0
2023-01-01 00:00:00+00:00,0.0
2023-01-02 00:00:00+00:00,0.0
2023-01-03 00:00:00+00:00,-0.0
2023-01-04 00:00:00+00:00,0.0
2023-01-05 00:00:00+00:00,-0.0
2023-01-06 00:00:00+00:00,0.0
2023-01-07 00:00:00+00:00,0.0
2023-01-08 00:00:00+00:00,0.0
2023-01-09 00:00:00+00:00,0.0
2023-01-10 00:00:00+00:00,0.0
2023-01-11 00:00:00+00:00,0.0
2023-01-12 00:00:00+00:00,0.0
2023-01-13 00:00:00+00:00,0.0
2023-01-14 00:00:00+00:00,0.0
2023-01-15 00:00:00+00:00,-0.0
2023-01-16 00:00:00+00:00,0.0
2023-01-17 00:00:00+00:00,-0.0
2023-01-18 00:00:00+00:00,-0.0
2023-01-19 00:00:00+00:00,0.0
2023-01-20 00:00:00+00:00,0.0
2023-01-21 00:00:00+00:00,0.0
2023-01-22 00:00:00+00:00,-0.0
2023-01-23 00:00:00+00:00,0.0
2023-01-24 00:00:00+00:00,-0.0
2023-01-25 00:00:00+00:00,0.0
2023-01-26 00:00:00+00:00,-0.0
2023-01-27 00:00:00+00:00,0.0
2023-01-28 00:00:00+00:00,-0.0
2023-01-29 00:00:00+00:00,0.0
2023-01-30 00:00:00+00:00,-0.0005735180454368436
2023-01-31 00:00:00+00:00,0.00495646033339503
2023-02-01 00:00:00+00:00,0.009838732628278512
2023-02-02 00:00:00+00:00,-0.004295918718588216
2023-02-03 00:00:00+00:00,-0.00040740716408269165
2023-02-04 00:00:00+00:00,-0.002110737661505239
2023-02-05 00:00:00+00:00,-0.00694367202484559
2023-02-06 00:00:00+00:00,-0.0036617455394201076
2023-02-07 00:00:00+00:00,0.009529383670631398
2023-02-08 00:00:00+00:00,-0.006200645129453584
2023-02-09 00:00:00+00:00,-0.02229151326118363
2023-02-10 00:00:00+00:00,-0.002973423541123029
2023-02-11 00:00:00+00:00,0.003963460590847898
2023-02-12 00:00:00+00:00,-0.0015548074395591777
2023-02-13 00:00:00+00:00,0.0003607515558555858
2023-02-14 00:00:00+00:00,0.008105261952946474
2023-02-15 00:00:00+00:00,0.03907624331519583
2023-02-16 00:00:00+00:00,-0.008900049680232907
2023-02-17 00:00:00+00:00,0.012037691219230172
2023-02-18 00:00:00+00:00,0.0009260615666581536
2023-02-19 00:00:00+00:00,-0.00405980129795486
2023-02-20 00:00:00+00:00,0.0065631769457561925
2023-02-21 00:00:00+00:00,-0.005275595874938105
2023-02-22 00:00:00+00:00,-0.0034194022201422107
2023-02-23 00:00:00+00:00,-0.0034489915415525907
2023-02-24 00:00:00+00:00,-0.01117496559061318
2023-02-25 00:00:00+00:00,-0.0003550047735485249
2023-02-26 00:00:00+00:00,0.005860558164277355
2023-02-27 00:00:00+00:00,-0.0006102568094267895
2023-02-28 00:00:00+00:00,-0.006054947484657312
2023-03-01 00:00:00+00:00,0.008146192236883119
2023-03-02 00:00:00+00:00,-0.0028199518123405033
2023-03-03 00:00:00+00:00,-0.019346536872292142
2023-03-04 00:00:00+00:00,-0.00016902805042442234
2023-03-05 00:00:00+00:00,0.0013518264510116447
2023-03-06 00:00:00+00:00,-0.00011845272930314462
2023-03-07 00:00:00+00:00,-0.004345800422682291
2023-03-08 00:00:00+00:00,-0.0
2023-03-09 00:00:00+00:00,-0.0
2023-03-10 00:00:00+00:00,-0.0005449183180727918
2023-03-11 00:00:00+00:00,-0.00792760825146034
2023-03-12 00:00:00+00:00,-0.025931766654135307
2023-03-13 00:00:00+00:00,-0.026146044679732194
2023-03-14 00:00:00+00:00,-0.005605959936458289
2023-03-15 00:00:00+00:00,0.003854360076186012
2023-03-16 00:00:00+00:00,-0.007186549183821042
2023-03-17 00:00:00+00:00,-0.024243325861638437
2023-03-18 00:00:00+00:00,0.0036161717447486343
2023-03-19 00:00:00+00:00,-0.0003650648175149736
2023-03-20 00:00:00+00:00,-0.0023761256672391448
2023-03-21 00:00:00+00:00,0.003625755958115498
2023-03-22 00:00:00+00:00,-0.008061700439938275
2023-03-23 00:00:00+00:00,0.009412669291506371
2023-03-24 00:00:00+00:00,-0.0077928529241304955
2023-03-25 00:00:00+00:00,7.380911475584513e-07
2023-03-26 00:00:00+00:00,0.004772944160758652
2023-03-27 00:00:00+00:00,-0.008490552819213504
2023-03-28 00:00:00+00:00,0.0012684252926913693
2023-03-29 00:00:00+00:00,0.010926352797103675
2023-03-30 00:00:00+00:00,-0.0031532529271394733
2023-03-31 00:00:00+00:00,0.0045228995281665005
2023-04-01 00:00:00+00:00,-0.0007180874733231147
2023-04-02 00:00:00+00:00,-0.002303194889580354
2023-04-03 00:00:00+00:00,-0.0046062744949123095
2023-04-04 00:00:00+00:00,0.004315764185451566
2023-04-05 00:00:00+00:00,9.958383238217761e-05
2023-04-06 00:00:00+00:00,-0.0016404979008295786
2023-04-07 00:00:00+00:00,-0.0015024816290494416
2023-04-08 00:00:00+00:00,0.00026634806051553135
2023-04-09 00:00:00+00:00,0.005114043544940861
2023-04-10 00:00:00+00:00,0.017503813622970696
2023-04-11 00:00:00+00:00,
2023-04-12 00:00:00+00:00,-0.0
2023-04-13 00:00:00+00:00,0.0
2023-04-14 00:00:00+00:00,0.0
2023-04-15 00:00:00+00:00,-0.0
2023-04-16 00:00:00+00:00,-0.0
2023-04-17 00:00:00+00:00,-0.0
2023-04-18 00:00:00+00:00,0.0
2023-04-19 00:00:00+00:00,-0.0
2023-04-20 00:00:00+00:00,-0.0
2023-04-21 00:00:00+00:00,-0.0
2023-04-22 00:00:00+00:00,0.0
2023-04-23 00:00:00+00:00,-0.0
2023-04-24 00:00:00+00:00,-0.0
2023-04-25 00:00:00+00:00,0.0
2023-04-26 00:00:00+00:00,0.0
2023-04-27 00:00:00+00:00,0.0
2023-04-28 00:00:00+00:00,-0.0
2023-04-29 00:00:00+00:00,-0.0
2023-04-30 00:00:00+00:00,0.0
2023-05-01 00:00:00+00:00,-0.0
2023-05-02 00:00:00+00:00,0.0
2023-05-03 00:00:00+00:00,0.0
2023-05-04 00:00:00+00:00,-0.0
2023-05-05 00:00:00+00:00,0.0
2023-05-06 00:00:00+00:00,-0.0
2023-05-07 00:00:00+00:00,-0.0
2023-05-08 00:00:00+00:00,-0.0
2023-05-09 00:00:00+00:00,-0.0
2023-05-10 00:00:00+00:00,-0.0
2023-05-11 00:00:00+00:00,-0.0
2023-05-12 00:00:00+00:00,-0.0
2023-05-13 00:00:00+00:00,-0.0
2023-05-14 00:00:00+00:00,0.0
2023-05-15 00:00:00+00:00,0.0
2023-05-16 00:00:00+00:00,-0.0
2023-05-17 00:00:00+00:00,0.0
2023-05-18 00:00:00+00:00,-0.0
2023-05-19 00:00:00+00:00,0.0
2023-05-20 00:00:00+00:00,0.0
2023-05-21 00:00:00+00:00,-0.0
2023-05-22 00:00:00+00:00,0.0
2023-05-23 00:00:00+00:00,0.0
2023-05-24 00:00:00+00:00,-0.0
2023-05-25 00:00:00+00:00,0.0
2023-05-26 00:00:00+00:00,0.0
2023-05-27 00:00:00+00:00,0.0
2023-05-28 00:00:00+00:00,0.0
2023-05-29 00:00:00+00:00,-0.0
2023-05-30 00:00:00+00:00,-0.000781272032964736
2023-05-31 00:00:00+00:00,0.009153712698563098
2023-06-01 00:00:00+00:00,0.007709812502919643
2023-06-02 00:00:00+00:00,-0.00841356618237324
2023-06-03 00:00:00+00:00,0.003381625293642694
2023-06-04 00:00:00+00:00,-0.0009130855424672491
2023-06-05 00:00:00+00:00,0.028863204088352086
2023-06-06 00:00:00+00:00,-0.025797600596931217
2023-06-07 00:00:00+00:00,0.012644695782750681
2023-06-08 00:00:00+00:00,-0.002296455576654419
2023-06-09 00:00:00+00:00,0.00038256296147424373
2023-06-10 00:00:00+00:00,0.009507661906590928
2023-06-11 00:00:00+00:00,-0.0013839679235460147
2023-06-12 00:00:00+00:00,0.0005750107276676419
2023-06-13 00:00:00+00:00,-0.0002865653105187722
2023-06-14 00:00:00+00:00,0.01361180760237213
2023-06-15 00:00:00+00:00,-0.007632677752592688
2023-06-16 00:00:00+00:00,-0.012426460011359153
2023-06-17 00:00:00+00:00,-0.002898086170860061
2023-06-18 00:00:00+00:00,0.0028034888470736506
2023-06-19 00:00:00+00:00,-0.00853976022004201
2023-06-20 00:00:00+00:00,-0.02380358328200021
2023-06-21 00:00:00+00:00,-0.022525755890065426
2023-06-22 00:00:00+00:00,0.001313035515710372
2023-06-23 00:00:00+00:00,-0.009725162545736169
2023-06-24 00:00:00+00:00,-0.0
2023-06-25 00:00:00+00:00,-0.0005725173949493899
2023-06-26 00:00:00+00:00,-0.002641478893242962
2023-06-27 00:00:00+00:00,0.00532950905981822
2023-06-28 00:00:00+00:00,-0.007978402725892245
2023-06-29 00:00:00+00:00,0.004729722677152935
2023-06-30 00:00:00+00:00,0.0004115454418671742
2023-07-01 00:00:00+00:00,0.0015524078474329446
2023-07-02 00:00:00+00:00,0.0004198856131243313
2023-07-03 00:00:00+00:00,0.007874398985549525
2023-07-04 00:00:00+00:00,-0.005687527024829657
2023-07-05 00:00:00+00:00,-0.004042818794586265
2023-07-06 00:00:00+00:00,-0.009582450356432425
2023-07-07 00:00:00+00:00,0.006781885769942746
2023-07-08 00:00:00+00:00,-0.0008149680859445883
2023-07-09 00:00:00+00:00,-0.002021598155610637
2023-07-10 00:00:00+00:00,0.004097512728581019
2023-07-11 00:00:00+00:00,0.0035517284709503066
2023-07-12 00:00:00+00:00,-0.004118387683893356
2023-07-13 00:00:00+00:00,0.019485981854537603
2023-07-14 00:00:00+00:00,-0.01910278461819452
2023-07-15 00:00:00+00:00,-0.0006046263504709496
2023-07-16 00:00:00+00:00,-0.0007578560934132777
2023-07-17 00:00:00+00:00,-0.0017056550550028683
2023-07-18 00:00:00+00:00,-0.004914066854983829
2023-07-19 00:00:00+00:00,0.0009709674933137139
2023-07-20 00:00:00+00:00,-0.0022183205201465597
2023-07-21 00:00:00+00:00,0.0021398877835766073
2023-07-22 00:00:00+00:00,-0.0026506738736297953
2023-07-23 00:00:00+00:00,0.0061432965499533055
2023-07-24 00:00:00+00:00,-0.01847998609962527
2023-07-25 00:00:00+00:00,0.0009283473266615261
2023-07-26 00:00:00+00:00,0.0024609257753082673
2023-07-27 00:00:00+00:00,-0.002925326659957938
2023-07-28 00:00:00+00:00,0.002222578059134221
2023-07-29 00:00:00+00:00,0.0007716655057819788
2023-07-30 00:00:00+00:00,-0.0018305489367738187
2023-07-31 00:00:00+00:00,-0.0020324798452790987
2023-08-01 00:00:00+00:00,0.0
2023-08-02 00:00:00+00:00,-0.0
2023-08-03 00:00:00+00:00,0.0
2023-08-04 00:00:00+00:00,-0.0
2023-08-05 00:00:00+00:00,-0.0
2023-08-06 00:00:00+00:00,-0.0
2023-08-07 00:00:00+00:00,0.0
2023-08-08 00:00:00+00:00,0.0
2023-08-09 00:00:00+00:00,
2023-08-10 00:00:00+00:00,-0.0
2023-08-11 00:00:00+00:00,-0.0
2023-08-12 00:00:00+00:00,0.0
2023-08-13 00:00:00+00:00,-0.0
2023-08-14 00:00:00+00:00,0.0
2023-08-15 00:00:00+00:00,-0.0
2023-08-16 00:00:00+00:00,-0.0
2023-08-17 00:00:00+00:00,-0.0
2023-08-18 00:00:00+00:00,-0.0
2023-08-19 00:00:00+00:00,0.0
2023-08-20 00:00:00+00:00,0.0
2023-08-21 00:00:00+00:00,-0.0
2023-08-22 00:00:00+00:00,-0.0
2023-08-23 00:00:00+00:00,0.0
2023-08-24 00:00:00+00:00,-0.0
2023-08-25 00:00:00+00:00,-0.0
2023-08-26 00:00:00+00:00,-0.0
2023-08-27 00:00:00+00:00,0.0
2023-08-28 00:00:00+00:00,0.0
2023-08-29 00:00:00+00:00,0.0
2023-08-30 00:00:00+00:00,-0.0
2023-08-31 00:00:00+00:00,-0.0
2023-09-01 00:00:00+00:00,-0.0
2023-09-02 00:00:00+00:00,0.0
2023-09-03 00:00:00+00:00,0.0
2023-09-04 00:00:00+00:00,-0.0
2023-09-05 00:00:00+00:00,-0.0
2023-09-06 00:00:00+00:00,-0.0
2023-09-07 00:00:00+00:00,0.0
2023-09-08 00:00:00+00:00,-0.0
2023-09-09 00:00:00+00:00,-0.0
2023-09-10 00:00:00+00:00,-0.0
2023-09-11 00:00:00+00:00,-0.0
2023-09-12 00:00:00+00:00,0.0
2023-09-13 00:00:00+00:00,0.0
2023-09-14 00:00:00+00:00,0.0
2023-09-15 00:00:00+00:00,0.0
2023-09-16 00:00:00+00:00,-0.0
2023-09-17 00:00:00+00:00,-0.0
2023-09-18 00:00:00+00:00,0.0
2023-09-19 00:00:00+00:00,0.0
2023-09-20 00:00:00+00:00,-0.0
2023-09-21 00:00:00+00:00,-0.0
2023-09-22 00:00:00+00:00,0.0
2023-09-23 00:00:00+00:00,-0.0
2023-09-24 00:00:00+00:00,-0.0
2023-09-25 00:00:00+00:00,0.0
2023-09-26 00:00:00+00:00,-0.0
2023-09-27 00:00:00+00:00,-0.0010133393709334526
2023-09-28 00:00:00+00:00,-0.016998628117129214
2023-09-29 00:00:00+00:00,0.0025411626481855994
2023-09-30 00:00:00+00:00,-0.0013884522687082888
2023-10-01 00:00:00+00:00,-0.026714416832531958
2023-10-02 00:00:00+00:00,-0.009447973141285966
2023-10-03 00:00:00+00:00,-0.0021225507635908845
2023-10-04 00:00:00+00:00,0.007862983795453388
2023-10-05 00:00:00+00:00,-0.008306292543111413
2023-10-06 00:00:00+00:00,0.011452604809092513
2023-10-07 00:00:00+00:00,0.00044191023389697254
2023-10-08 00:00:00+00:00,-0.0007696819108471592
2023-10-09 00:00:00+00:00,-0.00801117012985378
2023-10-10 00:00:00+00:00,-0.004465831408701223
2023-10-11 00:00:00+00:00,-0.01240761127939354
2023-10-12 00:00:00+00:00,-0.0027834120856306283
2023-10-13 00:00:00+00:00,0.002545045256617396
2023-10-14 00:00:00+00:00,-5.0948306965620654e-05
2023-10-15 00:00:00+00:00,0.007669626673308574
2023-10-16 00:00:00+00:00,0.03408064404905777
2023-10-17 00:00:00+00:00,-0.0019564051060862167
2023-10-18 00:00:00+00:00,-0.0017063001227047001
2023-10-19 00:00:00+00:00,0.007700282330077199
2023-10-20 00:00:00+00:00,0.018840513629893047
2023-10-21 00:00:00+00:00,0.004214375141938742
2023-10-22 00:00:00+00:00,0.0013697855142269946
2023-10-23 00:00:00+00:00,0.05584704176479892
2023-10-24 00:00:00+00:00,0.008146994170812192
2023-10-25 00:00:00+00:00,0.006032473628410262
2023-10-26 00:00:00+00:00,-0.003587758993100306
2023-10-27 00:00:00+00:00,-0.002612679976091982
2023-10-28 00:00:00+00:00,0.0019135358526811072
2023-10-29 00:00:00+00:00,0.004917541968695957
2023-10-30 00:00:00+00:00,-0.00042379524748670586
2023-10-31 00:00:00+00:00,0.0018956436793198428
2023-11-01 00:00:00+00:00,0.009065703740910005
2023-11-02 00:00:00+00:00,-0.005999437067720786
2023-11-03 00:00:00+00:00,-0.002505572522747526
2023-11-04 00:00:00+00:00,0.00429251088447311
2023-11-05 00:00:00+00:00,-0.0004356898621093075
2023-11-06 00:00:00+00:00,-0.00017693578543379027
2023-11-07 00:00:00+00:00,0.005408630658830669
2023-11-08 00:00:00+00:00,0.0028700766826911463
2023-11-09 00:00:00+00:00,0.01441053176317453
2023-11-10 00:00:00+00:00,0.008322267683518644
2023-11-11 00:00:00+00:00,-0.0024249295378149303
2023-11-12 00:00:00+00:00,-0.001186792242509685
2023-11-13 00:00:00+00:00,-0.007986940091595967
2023-11-14 00:00:00+00:00,-0.014053326313895114
2023-11-15 00:00:00+00:00,0.031164697761171138
2023-11-16 00:00:00+00:00,-0.01845217537335504
2023-11-17 00:00:00+00:00,0.004262546166607435
2023-11-18 00:00:00+00:00,-0.00012676148574443282
2023-11-19 00:00:00+00:00,0.008107936768293623
2023-11-20 00:00:00+00:00,0.0009024448636365472
2023-11-21 00:00:00+00:00,-0.01795322174815842
2023-11-22 00:00:00+00:00,0.01580063343311906
2023-11-23 00:00:00+00:00,-0.0013220623946278145
2023-11-24 00:00:00+00:00,0.004030823332569008
2023-11-25 00:00:00+00:00,0.0007182471357373661
2023-11-26 00:00:00+00:00,-0.003185124439095012
2023-11-27 00:00:00+00:00,-0.0023350403790031262
2023-11-28 00:00:00+00:00,0.0060733734759457194
2023-11-29 00:00:00+00:00,0.0002736730990888974
2023-11-30 00:00:00+00:00,-0.0016369646401116252
2023-12-01 00:00:00+00:00,0.011040907503383964
2023-12-02 00:00:00+00:00,0.008691183929132353
2023-12-03 00:00:00+00:00,0.005528527272218788
2023-12-04 00:00:00+00:00,0.022037801018734586
2023-12-05 00:00:00+00:00,0.02013567270152248
2023-12-06 00:00:00+00:00,-0.0029694132957438888
2023-12-07 00:00:00+00:00,
2023-12-08 00:00:00+00:00,0.0
2023-12-09 00:00:00+00:00,-0.0
2023-12-10 00:00:00+00:00,0.0
2023-12-11 00:00:00+00:00,-0.0
2023-12-12 00:00:00+00:00,0.0
2023-12-13 00:00:00+00:00,0.0
2023-12-14 00:00:00+00:00,0.0
2023-12-15 00:00:00+00:00,-0.0
2023-12-16 00:00:00+00:00,0.0
2023-12-17 00:00:00+00:00,-0.0
2023-12-18 00:00:00+00:00,0.0
2023-12-19 00:00:00+00:00,-0.0
2023-12-20 00:00:00+00:00,0.0
2023-12-21 00:00:00+00:00,0.0
2023-12-22 00:00:00+00:00,0.0
2023-12-23 00:00:00+00:00,-0.0
2023-12-24 00:00:00+00:00,-0.0
2023-12-25 00:00:00+00:00,0.0
2023-12-26 00:00:00+00:00,-0.0
2023-12-27 00:00:00+00:00,0.0
2023-12-28 00:00:00+00:00,-0.0
2023-12-29 00:00:00+00:00,-0.0
2023-12-30 00:00:00+00:00,0.0
2023-12-31 00:00:00+00:00,0.0
2024-01-01 00:00:00+00:00,0.0
2024-01-02 00:00:00+00:00,0.0
2024-01-03 00:00:00+00:00,-0.0
2024-01-04 00:00:00+00:00,0.0
2024-01-05 00:00:00+00:00,-0.0
2024-01-06 00:00:00+00:00,-0.0
2024-01-07 00:00:00+00:00,-0.0
2024-01-08 00:00:00+00:00,0.0
2024-01-09 00:00:00+00:00,-0.0
2024-01-10 00:00:00+00:00,0.0
2024-01-11 00:00:00+00:00,-0.0
2024-01-12 00:00:00+00:00,-0.0
2024-01-13 00:00:00+00:00,-0.0
2024-01-14 00:00:00+00:00,-0.0
2024-01-15 00:00:00+00:00,0.0
2024-01-16 00:00:00+00:00,0.0
2024-01-17 00:00:00+00:00,-0.0
2024-01-18 00:00:00+00:00,-0.0
2024-01-19 00:00:00+00:00,0.0
2024-01-20 00:00:00+00:00,0.0
2024-01-21 00:00:00+00:00,-0.0
2024-01-22 00:00:00+00:00,-0.0
2024-01-23 00:00:00+00:00,0.0
2024-01-24 00:00:00+00:00,0.0
2024-01-25 00:00:00+00:00,-0.0005493658523394598
2024-01-26 00:00:00+00:00,-0.016915342733842313
2024-01-27 00:00:00+00:00,-0.0024688882350844894
2024-01-28 00:00:00+00:00,0.0006853756472910279
2024-01-29 00:00:00+00:00,-0.0106357637414953
2024-01-30 00:00:00+00:00,0.0027844635758385076
2024-01-31 00:00:00+00:00,0.0031869631444522233
2024-02-01 00:00:00+00:00,-0.0044002502749774805
2024-02-02 00:00:00+00:00,-0.0010186054130700442
2024-02-03 00:00:00+00:00,0.0017985620502004192
2024-02-04 00:00:00+00:00,0.003969561235534351
2024-02-05 00:00:00+00:00,-0.0007762319993728272
2024-02-06 00:00:00+00:00,-0.004417861828362412
2024-02-07 00:00:00+00:00,-0.013523274747929722
2024-02-08 00:00:00+00:00,0.0
2024-02-09 00:00:00+00:00,0.0
2024-02-10 00:00:00+00:00,0.0
2024-02-11 00:00:00+00:00,-0.0006788192203260657
2024-02-12 00:00:00+00:00,0.015320484755618782
2024-02-13 00:00:00+00:00,-0.0019368574296547568
2024-02-14 00:00:00+00:00,0.018585766975580342
2024-02-15 00:00:00+00:00,0.0009165223185242157
2024-02-16 00:00:00+00:00,0.0018807872407970863
2024-02-17 00:00:00+00:00,-0.004417575441439701
2024-02-18 00:00:00+00:00,0.004081090655756842
2024-02-19 00:00:00+00:00,-0.003178415724492217
2024-02-20 00:00:00+00:00,0.004703822949821729
2024-02-21 00:00:00+00:00,-0.0043108084303420564
2024-02-22 00:00:00+00:00,-0.005264746656177643
2024-02-23 00:00:00+00:00,-0.0057498150807698154
2024-02-24 00:00:00+00:00,0.008438484927368088
2024-02-25 00:00:00+00:00,0.001621557507922577
2024-02-26 00:00:00+00:00,0.028366559258730464
2024-02-27 00:00:00+00:00,0.020996542617227935
2024-02-28 00:00:00+00:00,0.038625571019495986
2024-02-29 00:00:00+00:00,-0.00681557905448782
2024-03-01 00:00:00+00:00,0.0063565304598703675
2024-03-02 00:00:00+00:00,-0.0021684987401152053
2024-03-03 00:00:00+00:00,0.006033760756496613
2024-03-04 00:00:00+00:00,0.026943391658451547
2024-03-05 00:00:00+00:00,-0.020795535199535982
2024-03-06 00:00:00+00:00,0.009050097869446772
2024-03-07 00:00:00+00:00,0.0031888450522900846
2024-03-08 00:00:00+00:00,0.005455594542739156
2024-03-09 00:00:00+00:00,0.0007942885508020734
2024-03-10 00:00:00+00:00,0.0021539602323607113
2024-03-11 00:00:00+00:00,0.013005809717626025
2024-03-12 00:00:00+00:00,-0.002657825240047682
2024-03-13 00:00:00+00:00,0.006655450244738358
2024-03-14 00:00:00+00:00,-0.007249687849208925
2024-03-15 00:00:00+00:00,-0.008672988644757431
2024-03-16 00:00:00+00:00,-0.018290868644148212
2024-03-17 00:00:00+00:00,0.012416640511038642
2024-03-18 00:00:00+00:00,-0.003313193508908026
2024-03-19 00:00:00+00:00,-0.023848993746805994
2024-03-20 00:00:00+00:00,0.021435749072104486
2024-03-21 00:00:00+00:00,-0.007510398517130414
2024-03-22 00:00:00+00:00,-0.005517552714368048
2024-03-23 00:00:00+00:00,0.0009297788566320657
2024-03-24 00:00:00+00:00,0.010593882436450755
2024-03-25 00:00:00+00:00,0.008662353523179702
2024-03-26 00:00:00+00:00,8.053966169549043e-05
2024-03-27 00:00:00+00:00,-0.001751595262696894
2024-03-28 00:00:00+00:00,0.004310088127615941
2024-03-29 00:00:00+00:00,-0.0029417681081914714
2024-03-30 00:00:00+00:00,-0.0008931455928886652
2024-03-31 00:00:00+00:00,0.0061313161506778594
2024-04-01 00:00:00+00:00,-0.006080721121293255
2024-04-02 00:00:00+00:00,-0.01677617576814252
2024-04-03 00:00:00+00:00,0.001997039706402911
2024-04-04 00:00:00+00:00,0.009596909416238524
2024-04-05 00:00:00+00:00,
2024-04-06 00:00:00+00:00,0.0
2024-04-07 00:00:00+00:00,0.0
2024-04-08 00:00:00+00:00,0.0
2024-04-09 00:00:00+00:00,-0.0
2024-04-10 00:00:00+00:00,0.0
2024-04-11 00:00:00+00:00,-0.0
2024-04-12 00:00:00+00:00,-0.0
2024-04-13 00:00:00+00:00,-0.0
2024-04-14 00:00:00+00:00,0.0
2024-04-15 00:00:00+00:00,-0.0
2024-04-16 00:00:00+00:00,0.0
2024-04-17 00:00:00+00:00,-0.0
2024-04-18 00:00:00+00:00,0.0
2024-04-19 00:00:00+00:00,0.0
2024-04-20 00:00:00+00:00,0.0
2024-04-21 00:00:00+00:00,-0.0
2024-04-22 00:00:00+00:00,0.0
2024-04-23 00:00:00+00:00,-0.0
2024-04-24 00:00:00+00:00,-0.0
2024-04-25 00:00:00+00:00,0.0
2024-04-26 00:00:00+00:00,-0.0
2024-04-27 00:00:00+00:00,-0.0
2024-04-28 00:00:00+00:00,-0.0
2024-04-29 00:00:00+00:00,0.0
2024-04-30 00:00:00+00:00,-0.0
2024-05-01 00:00:00+00:00,-0.0
2024-05-02 00:00:00+00:00,0.0
2024-05-03 00:00:00+00:00,0.0
2024-05-04 00:00:00+00:00,0.0
2024-05-05 00:00:00+00:00,0.0
2024-05-06 00:00:00+00:00,-0.0
2024-05-07 00:00:00+00:00,-0.0
2024-05-08 00:00:00+00:00,-0.0
2024-05-09 00:00:00+00:00,0.0
2024-05-10 00:00:00+00:00,-0.0
2024-05-11 00:00:00+00:00,0.0
2024-05-12 00:00:00+00:00,0.0
2024-05-13 00:00:00+00:00,0.0
2024-05-14 00:00:00+00:00,-0.0
2024-05-15 00:00:00+00:00,0.0
2024-05-16 00:00:00+00:00,-0.0
2024-05-17 00:00:00+00:00,0.0
2024-05-18 00:00:00+00:00,-0.0
2024-05-19 00:00:00+00:00,-0.0
2024-05-20 00:00:00+00:00,0.0
2024-05-21 00:00:00+00:00,-0.0
2024-05-22 00:00:00+00:00,-0.0
2024-05-23 00:00:00+00:00,-0.0
2024-05-24 00:00:00+00:00,0.0
2024-05-25 00:00:00+00:00,-0.0004866654850224313
2024-05-26 00:00:00+00:00,-0.0035341412789127754
2024-05-27 00:00:00+00:00,0.004211659894664083
2024-05-28 00:00:00+00:00,-0.005473700566072666
2024-05-29 00:00:00+00:00,-0.0036950349368735113
2024-05-30 00:00:00+00:00,0.004121217549464553
2024-05-31 00:00:00+00:00,-0.004741700000599909
2024-06-01 00:00:00+00:00,0.0011793764139606101
2024-06-02 00:00:00+00:00,0.00023648259177240662
2024-06-03 00:00:00+00:00,0.0061838575408841735
2024-06-04 00:00:00+00:00,0.010386258563990185
2024-06-05 00:00:00+00:00,0.002968565761641288
2024-06-06 00:00:00+00:00,-0.0019682403393225427
2024-06-07 00:00:00+00:00,-0.008825655018643477
2024-06-08 00:00:00+00:00,-0.00025264033536310376
2024-06-09 00:00:00+00:00,0.0021903221908412345
2024-06-10 00:00:00+00:00,-0.0009279181017610538
2024-06-11 00:00:00+00:00,-0.015311030673433163
2024-06-12 00:00:00+00:00,0.006069520485218986
2024-06-13 00:00:00+00:00,-0.010169406115568547
2024-06-14 00:00:00+00:00,-0.005178184917268218
2024-06-15 00:00:00+00:00,0.001260059665902041
2024-06-16 00:00:00+00:00,0.003262086947945433
2024-06-17 00:00:00+00:00,-0.0011429976538567157
2024-06-18 00:00:00+00:00,-0.010604818213628499
2024-06-19 00:00:00+00:00,-0.0014553760089473316
2024-06-20 00:00:00+00:00,-0.0018795349762335228
2024-06-21 00:00:00+00:00,-0.0
2024-06-22 00:00:00+00:00,0.0
2024-06-23 00:00:00+00:00,-0.0
2024-06-24 00:00:00+00:00,-0.0
2024-06-25 00:00:00+00:00,-0.0007089278475344475
2024-06-26 00:00:00+00:00,0.007642553426397491
2024-06-27 00:00:00+00:00,-0.0062646094886299394
2024-06-28 00:00:00+00:00,0.010232132618998257
2024-06-29 00:00:00+00:00,-0.004593847807908139
2024-06-30 00:00:00+00:00,-0.01445487574968885
2024-07-01 00:00:00+00:00,-0.0013204451361592102
2024-07-02 00:00:00+00:00,0.006364021369658892
2024-07-03 00:00:00+00:00,0.014995224008258666
2024-07-04 00:00:00+00:00,0.026002902497462926
2024-07-05 00:00:00+00:00,0.002269773887961723
2024-07-06 00:00:00+00:00,-0.012211595202078216
2024-07-07 00:00:00+00:00,0.017476152551359085
2024-07-08 00:00:00+00:00,-0.005897436797444204
2024-07-09 00:00:00+00:00,-0.008865618422449812
2024-07-10 00:00:00+00:00,0.0017558244720735992
2024-07-11 00:00:00+00:00,0.0027319013274835205
2024-07-12 00:00:00+00:00,-0.003974521344007683
2024-07-13 00:00:00+00:00,-0.00957211432627714
2024-07-14 00:00:00+00:00,-0.01080114789297133
2024-07-15 00:00:00+00:00,-0.026784111687571013
2024-07-16 00:00:00+00:00,-0.00121554080128092
2024-07-17 00:00:00+00:00,0.005361350004634564
2024-07-18 00:00:00+00:00,0.0007967060130805465
2024-07-19 00:00:00+00:00,-0.015604928241537057
2024-07-20 00:00:00+00:00,-0.0024384736558104693
2024-07-21 00:00:00+00:00,-0.005962818059159577
2024-07-22 00:00:00+00:00,-0.0
2024-07-23 00:00:00+00:00,-0.0
2024-07-24 00:00:00+00:00,-0.0
2024-07-25 00:00:00+00:00,0.0
2024-07-26 00:00:00+00:00,0.0
2024-07-27 00:00:00+00:00,-0.0
2024-07-28 00:00:00+00:00,0.0
2024-07-29 00:00:00+00:00,-0.0
2024-07-30 00:00:00+00:00,-0.0006486427077148322
2024-07-31 00:00:00+00:00,-0.010465178586034782
2024-08-01 00:00:00+00:00,0.00483892712169411
2024-08-02 00:00:00+00:00,-0.02737316945276893
2024-08-03 00:00:00+00:00,
2024-08-04 00:00:00+00:00,-0.0
2024-08-05 00:00:00+00:00,-0.0
2024-08-06 00:00:00+00:00,0.0
2024-08-07 00:00:00+00:00,-0.0
2024-08-08 00:00:00+00:00,0.0
2024-08-09 00:00:00+00:00,-0.0
2024-08-10 00:00:00+00:00,0.0
2024-08-11 00:00:00+00:00,-0.0
2024-08-12 00:00:00+00:00,0.0
2024-08-13 00:00:00+00:00,0.0
2024-08-14 00:00:00+00:00,-0.0
2024-08-15 00:00:00+00:00,-0.0
2024-08-16 00:00:00+00:00,0.0
2024-08-17 00:00:00+00:00,0.0
2024-08-18 00:00:00+00:00,-0.0
2024-08-19 00:00:00+00:00,0.0
2024-08-20 00:00:00+00:00,-0.0
2024-08-21 00:00:00+00:00,0.0
2024-08-22 00:00:00+00:00,-0.0
2024-08-23 00:00:00+00:00,0.0
2024-08-24 00:00:00+00:00,0.0
2024-08-25 00:00:00+00:00,0.0
2024-08-26 00:00:00+00:00,-0.0
2024-08-27 00:00:00+00:00,-0.0
2024-08-28 00:00:00+00:00,-0.0
2024-08-29 00:00:00+00:00,0.0
2024-08-30 00:00:00+00:00,-0.0
2024-08-31 00:00:00+00:00,-0.0
2024-09-01 00:00:00+00:00,-0.0
2024-09-02 00:00:00+00:00,0.0
2024-09-03 00:00:00+00:00,-0.0
2024-09-04 00:00:00+00:00,0.0
2024-09-05 00:00:00+00:00,-0.0
2024-09-06 00:00:00+00:00,-0.0
2024-09-07 00:00:00+00:00,0.0
2024-09-08 00:00:00+00:00,0.0
2024-09-09 00:00:00+00:00,0.0
2024-09-10 00:00:00+00:00,0.0
2024-09-11 00:00:00+00:00,-0.0
2024-09-12 00:00:00+00:00,0.0
2024-09-13 00:00:00+00:00,0.0
2024-09-14 00:00:00+00:00,-0.0
2024-09-15 00:00:00+00:00,-0.0
2024-09-16 00:00:00+00:00,-0.0
2024-09-17 00:00:00+00:00,0.0
2024-09-18 00:00:00+00:00,0.0
2024-09-19 00:00:00+00:00,0.0
2024-09-20 00:00:00+00:00,0.0
2024-09-21 00:00:00+00:00,0.0
2024-09-22 00:00:00+00:00,0.0
2024-09-23 00:00:00+00:00,-0.0
2024-09-24 00:00:00+00:00,0.0
2024-09-25 00:00:00+00:00,-0.0006129052243779683
2024-09-26 00:00:00+00:00,0.012966679908923659
2024-09-27 00:00:00+00:00,0.0037089426345879284
2024-09-28 00:00:00+00:00,0.0005879665888596903
2024-09-29 00:00:00+00:00,-0.0016580866625079773
2024-09-30 00:00:00+00:00,-0.01577299681392445
2024-10-01 00:00:00+00:00,-0.016562438327876388
2024-10-02 00:00:00+00:00,-0.001318933939304157
2024-10-03 00:00:00+00:00,0.0008136096983549307
2024-10-04 00:00:00+00:00,0.008788775048292442
2024-10-05 00:00:00+00:00,0.00012849956302988573
2024-10-06 00:00:00+00:00,0.004968693743675704
2024-10-07 00:00:00+00:00,-0.004090244334215912
2024-10-08 00:00:00+00:00,-0.0007786551707684981
2024-10-09 00:00:00+00:00,-0.011735463630533434
2024-10-10 00:00:00+00:00,-0.002350041733085497
2024-10-11 00:00:00+00:00,0.016661016106799684
2024-10-12 00:00:00+00:00,0.005220879060945096
2024-10-13 00:00:00+00:00,-0.0024627805135110144
2024-10-14 00:00:00+00:00,0.02293284839085608
2024-10-15 00:00:00+00:00,0.006084354454270446
2024-10-16 00:00:00+00:00,0.003533688182187089
2024-10-17 00:00:00+00:00,-0.0013826439851480567
2024-10-18 00:00:00+00:00,0.006661562370250329
2024-10-19 00:00:00+00:00,-0.0003953737131385558
2024-10-20 00:00:00+00:00,0.00435531652922345
2024-10-21 00:00:00+00:00,-0.011663594905323604
2024-10-22 00:00:00+00:00,-6.808792989573374e-05
2024-10-23 00:00:00+00:00,-0.006733259316252716
2024-10-24 00:00:00+00:00,0.012546040224958945
2024-10-25 00:00:00+00:00,-0.010862434353473407
2024-10-26 00:00:00+00:00,0.0026015958274259988
2024-10-27 00:00:00+00:00,0.00657906603148249
2024-10-28 00:00:00+00:00,0.014252487182292141
2024-10-29 00:00:00+00:00,0.019067431588768773
2024-10-30 00:00:00+00:00,-0.002401569022972369
2024-10-31 00:00:00+00:00,-0.013890071337341214
2024-11-01 00:00:00+00:00,-0.004603336488247427
2024-11-02 00:00:00+00:00,-0.0012635089255173184
2024-11-03 00:00:00+00:00,-0.003673535016051703
2024-11-04 00:00:00+00:00,-0.006436873767656314
2024-11-05 00:00:00+00:00,0.010803614020929435
2024-11-06 00:00:00+00:00,0.04102440577336014
2024-11-07 00:00:00+00:00,0.0011439673846186382
2024-11-08 00:00:00+00:00,0.0028554787917769485
2024-11-09 00:00:00+00:00,0.0010583866621886229
2024-11-10 00:00:00+00:00,0.017139071291272488
2024-11-11 00:00:00+00:00,0.034018511914164364
2024-11-12 00:00:00+00:00,-0.002349736600801815
2024-11-13 00:00:00+00:00,0.008302227178619427
2024-11-14 00:00:00+00:00,-0.010885969110595462
2024-11-15 00:00:00+00:00,0.01184601975954473
2024-11-16 00:00:00+00:00,-0.001565923988210619
2024-11-17 00:00:00+00:00,-0.0022601618875292147
2024-11-18 00:00:00+00:00,0.002233736698303784
2024-11-19 00:00:00+00:00,0.005911169190775828
2024-11-20 00:00:00+00:00,0.006617668377020413
2024-11-21 00:00:00+00:00,0.013802970362416773
2024-11-22 00:00:00+00:00,0.001575982890550688
2024-11-23 00:00:00+00:00,-0.0040779534001041595
2024-11-24 00:00:00+00:00,0.0007844146470171725
2024-11-25 00:00:00+00:00,-0.01757891699263335
2024-11-26 00:00:00+00:00,-0.0036850499085485607
2024-11-27 00:00:00+00:00,0.013154832551895515
2024-11-28 00:00:00+00:00,-0.0010070772649360342
2024-11-29 00:00:00+00:00,0.005906629239848041
2024-11-30 00:00:00+00:00,-0.003405341320277128
2024-12-01 00:00:00+00:00,
2024-12-02 00:00:00+00:00,-0.0
2024-12-03 00:00:00+00:00,0.0
2024-12-04 00:00:00+00:00,0.0
2024-12-05 00:00:00+00:00,-0.0
2024-12-06 00:00:00+00:00,0.0
2024-12-07 00:00:00+00:00,0.0
2024-12-08 00:00:00+00:00,0.0
2024-12-09 00:00:00+00:00,-0.0
2024-12-10 00:00:00+00:00,-0.0
2024-12-11 00:00:00+00:00,0.0
2024-12-12 00:00:00+00:00,-0.0
2024-12-13 00:00:00+00:00,0.0
2024-12-14 00:00:00+00:00,-0.0
2024-12-15 00:00:00+00:00,0.0
2024-12-16 00:00:00+00:00,0.0
2024-12-17 00:00:00+00:00,0.0
2024-12-18 00:00:00+00:00,-0.0
2024-12-19 00:00:00+00:00,-0.0
2024-12-20 00:00:00+00:00,0.0
2024-12-21 00:00:00+00:00,-0.0
2024-12-22 00:00:00+00:00,-0.0
2024-12-23 00:00:00+00:00,-0.0
2024-12-24 00:00:00+00:00,0.0
2024-12-25 00:00:00+00:00,0.0
2024-12-26 00:00:00+00:00,-0.0
2024-12-27 00:00:00+00:00,-0.0
2024-12-28 00:00:00+00:00,0.0
2024-12-29 00:00:00+00:00,-0.0
2024-12-30 00:00:00+00:00,-0.0
2024-12-31 00:00:00+00:00,0.0
2025-01-01 00:00:00+00:00,0.0
2025-01-02 00:00:00+00:00,0.0
2025-01-03 00:00:00+00:00,0.0
2025-01-04 00:00:00+00:00,0.0
2025-01-05 00:00:00+00:00,0.0
2025-01-06 00:00:00+00:00,0.0
2025-01-07 00:00:00+00:00,-0.0
2025-01-08 00:00:00+00:00,-0.0
2025-01-09 00:00:00+00:00,-0.0
2025-01-10 00:00:00+00:00,0.0
2025-01-11 00:00:00+00:00,-0.0
2025-01-12 00:00:00+00:00,-0.0
2025-01-13 00:00:00+00:00,0.0
2025-01-14 00:00:00+00:00,0.0
2025-01-15 00:00:00+00:00,0.0
2025-01-16 00:00:00+00:00,-0.0
2025-01-17 00:00:00+00:00,0.0
2025-01-18 00:00:00+00:00,-0.0
2025-01-19 00:00:00+00:00,-0.0
2025-01-20 00:00:00+00:00,0.0
2025-01-21 00:00:00+00:00,-0.0005579557978581536
2025-01-22 00:00:00+00:00,-0.008844707278930402
2025-01-23 00:00:00+00:00,0.001074681990246527
2025-01-24 00:00:00+00:00,0.003127634632459608
2025-01-25 00:00:00+00:00,-0.00041428637054815285
2025-01-26 00:00:00+00:00,-0.007988294008489452
2025-01-27 00:00:00+00:00,-0.002393934529634223
2025-01-28 00:00:00+00:00,-0.0031471939983052956
2025-01-29 00:00:00+00:00,0.010028305706600007
2025-01-30 00:00:00+00:00,0.004267936436629634
2025-01-31 00:00:00+00:00,-0.010031679300597311
2025-02-01 00:00:00+00:00,-0.0076029294838364835
2025-02-02 00:00:00+00:00,-0.013348304569190981
2025-02-03 00:00:00+00:00,0.016144963126895697
2025-02-04 00:00:00+00:00,-0.014410202393081379
2025-02-05 00:00:00+00:00,-0.005053789091133675
2025-02-06 00:00:00+00:00,-0.00011195577717664304
2025-02-07 00:00:00+00:00,-0.00029614631858007975
2025-02-08 00:00:00+00:00,-0.00022832739668707594
2025-02-09 00:00:00+00:00,-0.0005825085955249983
2025-02-10 00:00:00+00:00,0.0
2025-02-11 00:00:00+00:00,-0.0
2025-02-12 00:00:00+00:00,0.0
2025-02-13 00:00:00+00:00,-0.0
2025-02-14 00:00:00+00:00,0.0
2025-02-15 00:00:00+00:00,0.0
2025-02-16 00:00:00+00:00,-0.0007687954766082994
2025-02-17 00:00:00+00:00,0.0021193210169255772
2025-02-18 00:00:00+00:00,0.0012677126047154817
2025-02-19 00:00:00+00:00,-0.0062572232439374615
2025-02-20 00:00:00+00:00,-0.009675597670872142
2025-02-21 00:00:00+00:00,0.01253362696560341
2025-02-22 00:00:00+00:00,-0.0025590908636603294
2025-02-23 00:00:00+00:00,0.0017248183817760812
2025-02-24 00:00:00+00:00,0.02958087839964611
2025-02-25 00:00:00+00:00,0.013833178203641222
2025-02-26 00:00:00+00:00,0.02313804380400918
2025-02-27 00:00:00+00:00,-0.0017584710792812866
2025-02-28 00:00:00+00:00,0.0016333149029447496
2025-03-01 00:00:00+00:00,-0.008499972385616474
2025-03-02 00:00:00+00:00,-0.03931047078228333
2025-03-03 00:00:00+00:00,0.026478852986945033
2025-03-04 00:00:00+00:00,-0.0032712475508847936
2025-03-05 00:00:00+00:00,-0.00959139264342952
2025-03-06 00:00:00+00:00,0.001810847902947809
2025-03-07 00:00:00+00:00,0.00936194255236806
2025-03-08 00:00:00+00:00,0.0017436869288681152
2025-03-09 00:00:00+00:00,0.017764417250754172
2025-03-10 00:00:00+00:00,0.0065252542689405975
2025-03-11 00:00:00+00:00,-0.013866340640668851
2025-03-12 00:00:00+00:00,-0.002525734425674835
2025-03-13 00:00:00+00:00,0.00806720297388765
2025-03-14 00:00:00+00:00,-0.008950880185966301
2025-03-15 00:00:00+00:00,-0.001135452496440714
2025-03-16 00:00:00+00:00,0.005502745001481777
2025-03-17 00:00:00+00:00,-0.004811484004913995
2025-03-18 00:00:00+00:00,0.004431695616395529
2025-03-19 00:00:00+00:00,-0.013720619818284959
2025-03-20 00:00:00+00:00,0.008462140836474799
2025-03-21 00:00:00+00:00,0.00038626730404223787
2025-03-22 00:00:00+00:00,0.0006904151795306491
2025-03-23 00:00:00+00:00,-0.007594237075737635
2025-03-24 00:00:00+00:00,-0.004882743749895981
2025-03-25 00:00:00+00:00,7.801725437651957e-05
2025-03-26 00:00:00+00:00,0.0020145001233515523
2025-03-27 00:00:00+00:00,-0.0010312545674696744
2025-03-28 00:00:00+00:00,0.01088213302015089
2025-03-29 00:00:00+00:00,0.006875145861782352
2025-03-30 00:00:00+00:00,0.001046981275162302
2025-03-31 00:00:00+00:00,
2025-04-01 00:00:00+00:00,0.0
2025-04-02 00:00:00+00:00,-0.0
2025-04-03 00:00:00+00:00,0.0
2025-04-04 00:00:00+00:00,0.0
2025-04-05 00:00:00+00:00,-0.0
2025-04-06 00:00:00+00:00,-0.0
2025-04-07 00:00:00+00:00,0.0
2025-04-08 00:00:00+00:00,-0.0
2025-04-09 00:00:00+00:00,0.0
2025-04-10 00:00:00+00:00,-0.0
2025-04-11 00:00:00+00:00,0.0
2025-04-12 00:00:00+00:00,0.0
2025-04-13 00:00:00+00:00,-0.0
2025-04-14 00:00:00+00:00,0.0
2025-04-15 00:00:00+00:00,-0.0
2025-04-16 00:00:00+00:00,0.0
2025-04-17 00:00:00+00:00,0.0
2025-04-18 00:00:00+00:00,-0.0
2025-04-19 00:00:00+00:00,0.0
2025-04-20 00:00:00+00:00,0.0
2025-04-21 00:00:00+00:00,0.0
2025-04-22 00:00:00+00:00,0.0
2025-04-23 00:00:00+00:00,0.0
2025-04-24 00:00:00+00:00,0.0
2025-04-25 00:00:00+00:00,0.0
2025-04-26 00:00:00+00:00,-0.0
2025-04-27 00:00:00+00:00,-0.0
2025-04-28 00:00:00+00:00,0.0
2025-04-29 00:00:00+00:00,-0.0
2025-04-30 00:00:00+00:00,-0.0
2025-05-01 00:00:00+00:00,0.0
2025-05-02 00:00:00+00:00,0.0
2025-05-03 00:00:00+00:00,-0.0
2025-05-04 00:00:00+00:00,-0.0
2025-05-05 00:00:00+00:00,0.0
2025-05-06 00:00:00+00:00,0.0
2025-05-07 00:00:00+00:00,0.0
2025-05-08 00:00:00+00:00,0.0
2025-05-09 00:00:00+00:00,-0.0
2025-05-10 00:00:00+00:00,0.0
2025-05-11 00:00:00+00:00,-0.0
2025-05-12 00:00:00+00:00,-0.0
2025-05-13 00:00:00+00:00,0.0
2025-05-14 00:00:00+00:00,-0.0
2025-05-15 00:00:00+00:00,0.0
2025-05-16 00:00:00+00:00,-0.0
2025-05-17 00:00:00+00:00,-0.0
2025-05-18 00:00:00+00:00,0.0
2025-05-19 00:00:00+00:00,-0.0007137465480236963
2025-05-20 00:00:00+00:00,0.005286286022773947
2025-05-21 00:00:00+00:00,0.01309773537201844
2025-05-22 00:00:00+00:00,0.008821277870437485
2025-05-23 00:00:00+00:00,-0.02023359922864973
2025-05-24 00:00:00+00:00,0.00199925223008175
2025-05-25 00:00:00+00:00,0.005103265124984798
2025-05-26 00:00:00+00:00,0.001683532895893984
2025-05-27 00:00:00+00:00,-0.0019603172002793795
2025-05-28 00:00:00+00:00,-0.005376773267551537
2025-05-29 00:00:00+00:00,-0.010003573495506889
2025-05-30 00:00:00+00:00,-0.0076059462568825705
2025-05-31 00:00:00+00:00,0.002965539073238947
2025-06-01 00:00:00+00:00,0.00483016082267705
2025-06-02 00:00:00+00:00,0.0010949709754676435
2025-06-03 00:00:00+00:00,-0.002295134912660782
2025-06-04 00:00:00+00:00,-0.0036890462236816323
2025-06-05 00:00:00+00:00,-0.017330646690387076
2025-06-06 00:00:00+00:00,0.014289257364800472
2025-06-07 00:00:00+00:00,0.005844037819096191
2025-06-08 00:00:00+00:00,0.0008391211252254544
2025-06-09 00:00:00+00:00,0.02204463190728083
2025-06-10 00:00:00+00:00,-0.0001816027450739819
2025-06-11 00:00:00+00:00,-0.007033770336568306
2025-06-12 00:00:00+00:00,-0.01267266855302036
2025-06-13 00:00:00+00:00,0.000701677829121456
2025-06-14 00:00:00+00:00,-0.002894865630078199
2025-06-15 00:00:00+00:00,0.00035599945740584927
2025-06-16 00:00:00+00:00,0.006115461628857704
2025-06-17 00:00:00+00:00,-0.011104720889426307
2025-06-18 00:00:00+00:00,0.0013900660002705797
2025-06-19 00:00:00+00:00,-0.0010586182974234952
2025-06-20 00:00:00+00:00,-0.007428935957082167
2025-06-21 00:00:00+00:00,-0.005842556258595619
2025-06-22 00:00:00+00:00,-0.00814861716253836
2025-06-23 00:00:00+00:00,0.0
2025-06-24 00:00:00+00:00,0.0
2025-06-25 00:00:00+00:00,0.0
2025-06-26 00:00:00+00:00,-0.0
2025-06-27 00:00:00+00:00,0.0
2025-06-28 00:00:00+00:00,0.0
2025-06-29 00:00:00+00:00,-0.0008734322372317283
2025-06-30 00:00:00+00:00,0.006746474212431782
2025-07-01 00:00:00+00:00,0.007064310641108887
2025-07-02 00:00:00+00:00,0.0
2025-07-03 00:00:00+00:00,0.0
2025-07-04 00:00:00+00:00,-0.0
2025-07-05 00:00:00+00:00,0.0
2025-07-06 00:00:00+00:00,0.0
2025-07-07 00:00:00+00:00,-0.0
2025-07-08 00:00:00+00:00,-0.0009511297243960452
2025-07-09 00:00:00+00:00,0.013658545589405957
2025-07-10 00:00:00+00:00,0.02526291550234239
2025-07-11 00:00:00+00:00,0.007016753502807857
2025-07-12 00:00:00+00:00,-0.0004080651114370239
2025-07-13 00:00:00+00:00,0.008048100374850604
2025-07-14 00:00:00+00:00,0.0035404655541393464
2025-07-15 00:00:00+00:00,-0.010518198177298316
2025-07-16 00:00:00+00:00,0.004689467122625197
2025-07-17 00:00:00+00:00,0.0027441454333360024
2025-07-18 00:00:00+00:00,-0.006715399112306996
2025-07-19 00:00:00+00:00,-0.00036116477281573537
2025-07-20 00:00:00+00:00,-0.003492121504082204
2025-07-21 00:00:00+00:00,0.0007388559285287129
2025-07-22 00:00:00+00:00,0.014500133362506166
2025-07-23 00:00:00+00:00,-0.0068473990640069765
2025-07-24 00:00:00+00:00,-0.002180053892400037
2025-07-25 00:00:00+00:00,-0.004225562755165192
2025-07-26 00:00:00+00:00,0.001793712067181277
2025-07-27 00:00:00+00:00,0.00902892977964729
2025-07-28 00:00:00+00:00,-0.009308335145575697
